,,,,,,,,,,,,,,,,,,,,,,
,violet,,yellow,,white,,blue,,green,,red,,IR,,Violet voltage,Violet current,,,,,,
,1.02  -0.10 ,,1.22,-0.1,1.27 -0.20 ,,1.03 -0.50 ,,1.02 -0.10 ,,1.02 -0.30 ,,0.96 -0.30 ,,1.02,-0.3,,,,,,
,1.02  -0.10 ,,1.24,-0.1,1.29 0.00 ,,1.02 -0.20 ,,1.02 -0.20 ,,1.03 -0.10 ,,0.98 0.20 ,,1.02,-0.1,,,,,,
,1.02  0.00 ,,1.27,0,1.31 0.00 ,,1.02 -0.10 ,,1.02 -0.10 ,,1.03 -0.20 ,,1.00 -0.10 ,,1.02,-0.1,,,,,,code
,1.02 -0.30 ,,1.28,-0.1,1.33 -0.20 ,,1.02 -0.20 ,,1.02 -0.10 ,,1.02 -0.10 ,,1.01 0.00 ,,1.03,-0.1,,,,,,
,1.02 -0.20 ,,1.31 -0.30 ,,1.36 -0.50 ,,1.02 0.00 ,,1.02 0.00 ,,1.02 -0.20 ,,1.03 0.00 ,,1.03,0,,,,,, // Call libraries required for external breakout boards and communications.
,1.02 -0.20 ,,1.33 -0.20 ,,1.38 -0.10 ,,1.02 -0.20 ,,1.02 0.00 ,,1.02 -0.20 ,,1.04 0.40 ,,1.03,0.2,,,,,,#include <Wire.h>
,1.02 -0.50 ,,1.35 -0.20 ,,1.40 -0.10 ,,1.03 -0.30 ,,1.02 -0.40 ,,1.02 -0.20 ,,1.06 0.40 ,,1.03,0,,,,,,#include <SPI.h>
,1.02 -0.20 ,,1.38 -0.10 ,-0.1,1.43 -0.10 ,,1.02 -0.30 ,,1.02 -0.30 ,,1.02 0.00 ,,1.07 0.50 ,,1.04,-0.1,,,,,,#include <Adafruit_MCP4725.h> // DAC library
,1.02 -0.50 ,,1.40 -0.40 ,,1.45 -0.10 ,,1.02 -0.30 ,,1.02 -0.20 ,,1.02 0.10 ,,1.09 0.80 ,,1.05,-0.3,,,,,,#include <Adafruit_INA219.h> // INA219 current sensor library
,1.02 0.10 ,,1.43 -0.20 ,,1.47 -0.20 ,,1.02 -0.10 ,,1.02 0.00 ,,1.02 -0.30 ,,1.10 1.20 ,,1.06,-0.3,,,,,,
,1.02 -0.20 ,,1.45 -0.10 ,-0.1,1.49 0.00 ,,1.02 0.00 ,,1.03 -0.20 ,,1.02 0.00 ,,1.12 1.50 ,,1.07,-0.2,,,,,,// Declare a current sensor object.
,1.02 -0.20 ,,1.47 -0.20 ,,1.52 0.00 ,,1.02 -0.10 ,,1.02 -0.10 ,,1.02 -0.20 ,,1.14 2.40 ,,1.08,-0.3,,,,,,Adafruit_INA219 ina219; // Commands like ina219.getCurrent_mA() will read the current.
,1.02 -0.20 ,,1.49 -0.30 ,,1.55 -0.30 ,,1.02 -0.20 ,,1.03 -0.20 ,,1.02 -0.30 ,,1.15 3.70 ,,1.1,-0.2,,,,,,
,1.02 -0.10 ,,1.52 -0.10 ,-0.1,1.57 0.00 ,,1.02 -0.10 ,,1.02 -0.30 ,,1.02 -0.40 ,,1.16 4.80 ,,1.12,-0.1,,,,,,// Declare our voltage supply objects.
,1.02 -0.20 ,,1.54 0.00 ,,1.59 -0.40 ,,1.03 0.10 ,,1.02 -0.10 ,,1.02 -0.10 ,,1.17 6.60 ,,1.14,-0.2,,,,,,Adafruit_MCP4725 dac_LEDsupply;
,1.02 0.00 ,,1.56 -0.40 ,,1.61 -0.30 ,,1.02 0.00 ,,1.02 0.00 ,,1.02 -0.30 ,,1.19 8.80 ,,1.16,0.1,,,,,,"#define DAC_RESOLUTION (9) // Set this value to 9, 8, 7, 6 or 5 to adjust the resolution."
,1.02 -0.20 ,,1.58 -0.40 ,,1.64 0.00 ,,1.02 -0.20 ,,1.02 -0.20 ,,1.03 -0.30 ,,1.20 11.60 ,,1.18,-0.1,,,,,,
,1.02 -0.20 ,,1.60 -0.10 ,-0.1,1.66 0.20 ,,1.02 -0.30 ,,1.02 -0.10 ,,1.02 -0.30 ,,1.21 14.90 ,,1.2,-0.3,,,,,,// Declare some useful variables.
,1.02 -0.10 ,,1.62 0.00 ,,1.69 -0.10 ,,1.02 -0.10 ,,1.02 -0.20 ,,1.02 -0.30 ,,1.22 18.00 ,,1.22,-0.2,,,,,,float voltageAcrossLED;
,1.02 -0.10 ,,1.64 -0.10 ,-0.1,1.71 0.10 ,,1.02 0.00 ,,1.02 -0.30 ,,1.02 0.00 ,,1.23 22.00 ,,1.25,-0.1,,,,,,float currentAcrossLED;
,1.02 -0.30 ,,1.66 -0.10 ,-0.1,1.73 -0.10 ,,1.03 0.00 ,,1.02 -0.40 ,,1.02 -0.30 ,,1.24 26.30 ,,1.27,-0.3,,,,,,
,1.02 -0.40 ,,1.68 -0.30 ,,1.75 -0.30 ,,1.02 -0.30 ,,1.02 -0.30 ,,1.02 -0.10 ,,1.26 31.60 ,,1.29,-0.2,,,,,,
,1.02 -0.10 ,,1.69 -0.10 ,-0.1,1.77 -0.40 ,,1.02 -0.30 ,,1.02 0.00 ,,1.02 -0.20 ,,1.27 37.50 ,,1.31,-0.4,,,,,,void setup(void) {
,1.03 0.10 ,,1.70 -0.20 ,,1.80 -0.20 ,,1.02 -0.30 ,,1.02 -0.10 ,,1.02 -0.30 ,,1.28 42.80 ,,1.34,-0.1,,,,,,"    Serial.begin(9600); // Initiates serial communication, so we can send our data to"
,1.02 -0.30 ,,1.72 -0.40 ,,1.82 0.10 ,,1.02 -0.20 ,,1.02 -0.10 ,,1.02 -0.10 ,,1.29 48.20 ,,1.36,-0.1,,,,,,                        // our computer. This is where the the baud rating is set. 
,1.02 0.10 ,,1.74 0.10 ,0.1,1.85 -0.10 ,,1.02 -0.30 ,,1.02 -0.30 ,,1.02 -0.10 ,,1.30 53.60 ,,1.39,-0.1,,,,,,    // Initialize the INA219 sensor (current sensor).
,1.02 -0.30 ,,1.75 0.00 ,,1.87 -0.40 ,,1.02 -0.20 ,,1.02 0.10 ,,1.02 -0.20 ,,1.30 59.60 ,,1.41,-0.1,,,,,,    ina219.begin();
,1.02 -0.10 ,,1.77 0.30 ,,1.90 0.00 ,,1.02 -0.50 ,,1.02 -0.10 ,,1.02 -0.10 ,,1.32 66.20 ,,1.43,-0.3,,,,,,    // Initialize our DAC breakout board.
,1.02 -0.40 ,,1.78 0.10 ,0.1,1.92 -0.20 ,,1.02 -0.30 ,,1.02 0.00 ,,1.02 -0.10 ,,1.32 73.00 ,,1.46,0.1,,,,,,    dac_LEDsupply.begin(0x62); // 0x62 sets the hex address of dac
,1.02 0.10 ,,1.80 0.30 ,,1.94 -0.30 ,,1.03 -0.30 ,,1.02 -0.20 ,,1.02 -0.30 ,,1.34 80.20 ,,1.48,-0.2,,,,,,                         // so the arduino addresses the correct DAC.
,1.02 -0.40 ,,1.82 0.40 ,,1.96 -0.40 ,,1.03 0.00 ,,1.02 0.00 ,,1.02 -0.20 ,,1.34 85.20 ,,1.5,-0.1,,,,,,}
,1.02 -0.20 ,,1.83 0.60 ,,1.99 -0.30 ,,1.04 0.00 ,,1.03 -0.10 ,,1.03 -0.20 ,,1.35 91.50 ,,1.53,0.1,,,,,,
,1.02 0.00 ,,1.85 0.80 ,,2.02 -0.40 ,,1.04 0.00 ,,1.03 0.00 ,,1.04 -0.30 ,,1.36 97.50 ,,1.55,-0.2,,,,,,void loop() {
,1.02 -0.10 ,,1.87 1.00 ,,2.04 -0.50 ,,1.06 -0.10 ,,1.03 -0.10 ,,1.04 0.10 ,,1.37 104.40 ,,1.58,-0.5,,,,,,    for( int i = 0; i < 4095 ; i += 20){
,1.02 -0.30 ,,1.89 1.70 ,,2.06 -0.50 ,,1.07 -0.30 ,,1.03 -0.20 ,,1.06 -0.20 ,,0.81 -0.20 ,,1.6,-0.1,,,,,,"        // Since the DAC provides 12-bit resolution, the command"
,1.02 -0.10 ,,1.90 1.70 ,,2.08 -0.40 ,,1.08 -0.10 ,,1.04 -0.10 ,,1.07 -0.10 ,,0.81 -0.30 ,,1.62,-0.3,,,,,,"        // sdac_LEDsupply.setVoltage(0, false); sets the output voltage to 0V and"
,1.03 -0.40 ,,1.92 2.40 ,,2.11 -0.10 ,,1.10 0.00 ,,1.05 -0.10 ,,1.09 -0.20 ,,0.81 -0.30 ,,1.64,-0.3,,,,,,"        // sdac_LEDsupply.setVoltage(4095, false); sets the output voltage to 5V."
,1.02 -0.20 ,,1.94 2.60 ,,2.13 -0.40 ,,1.12 -0.20 ,,1.06 -0.40 ,,1.10 -0.20 ,,0.81 0.10 ,,1.67,-0.3,,,,,,        // Use the dac_LEDsupply.setVoltage command to set your voltage based on where you are in the loop. 
,1.02 -0.20 ,,1.95 3.10 ,,2.16 -0.10 ,,1.14 -0.10 ,,1.07 -0.10 ,,1.12 -0.10 ,,0.81 -0.10 ,,1.69,0,,,,,,        
,1.03 -0.20 ,,1.97 4.10 ,,2.18 -0.20 ,,1.16 -0.30 ,,1.09 0.00 ,,1.14 -0.30 ,,0.81 -0.20 ,,1.72,0,,,,,,        // Set your desired voltage by selecting a linear range from 0 to 4095.
,1.02 -0.40 ,,1.99 4.90 ,,2.20 -0.20 ,,1.18 0.10 ,,1.10 -0.30 ,,1.16 -0.40 ,,0.81 -0.10 ,,1.74,-0.3,,,,,,        // Set the voltage to range from 5V to 0V in 0.025V steps.
,1.02 -0.40 ,,2.01 5.80 ,,2.22 -0.10 ,,1.20 -0.20 ,,1.12 -0.20 ,,1.18 -0.30 ,,0.81 -0.30 ,,1.76,-0.1,,,,,,
,1.02 -0.10 ,,2.02 6.50 ,,2.25 -0.10 ,,1.22 -0.30 ,,1.14 -0.10 ,,1.20 -0.20 ,,0.81 -0.10 ,,1.78,-0.2,,,,,,        // Sweep VDS from 0 to 5V (approximately... may be lower due to BJT stage).
,1.02 -0.30 ,,2.04 7.80 ,,2.27 -0.10 ,,1.24 -0.30 ,,1.16 -0.50 ,,1.22 -0.40 ,,0.81 0.00 ,,1.81,-0.1,,,,,,        // Question: If we increase DAC output by “i+=20” what is the corresponding
,1.02 0.10 ,,2.06 9.00 ,,2.30 -0.10 ,,1.27 -0.30 ,,1.18 -0.20 ,,1.24 -0.10 ,,0.81 -0.30 ,,1.83,-0.3,,,,,,        // change in voltage? about 0.025V
,1.02 0.00 ,,2.07 10.20 ,,2.32 -0.10 ,,1.29 -0.30 ,,1.20 -0.20 ,,1.27 0.00 ,,0.81 -0.10 ,,1.86,-0.2,,,,,,             // Take and print a current reading using the same method as the three lines above 
,1.02 -0.10 ,,2.10 12.10 ,,2.34 0.00 ,,1.31 -0.10 ,,1.22 -0.60 ,,1.29 -0.10 ,,0.81 -0.30 ,,1.88,-0.3,,,,,,        // The command to take a current reading from the INA is ina219.getCurrent_mA()
,1.02 -0.20 ,,2.11 13.30 ,,2.36 0.10 ,,1.34 -0.20 ,,1.24 -0.20 ,,1.31 -0.30 ,,0.81 -0.20 ,,1.9,-0.1,,,,,,      
,1.03 -0.10 ,,2.13 15.20 ,,2.38 0.00 ,,1.36 -0.10 ,,1.27 -0.30 ,,1.33 -0.20 ,,0.81 -0.20 ,,1.93,0,,,,,,"       dac_LEDsupply.setVoltage(i, false);"
,1.03 -0.30 ,,2.14 16.90 ,,2.40 -0.20 ,,1.38 -0.10 ,,1.29 0.00 ,,1.36 -0.10 ,,0.81 -0.30 ,,1.95,-0.3,,,,,,        delay(10);
,1.02 -0.40 ,,2.16 18.80 ,,2.43 -0.10 ,,1.40 -0.40 ,,1.31 0.10 ,,1.38 -0.10 ,,0.82 0.00 ,,1.97,-0.1,,,,,,        voltageAcrossLED = ina219.getBusVoltage_V();  //Take a voltage reading
,1.02 -0.40 ,,2.18 21.20 ,,2.45 0.00 ,,1.43 0.00 ,,1.33 -0.10 ,,1.40 0.00 ,,0.81 -0.40 ,,2,-0.5,,,,,,        Serial.print(voltageAcrossLED); //Print the voltage reading
,1.02 -0.10 ,,2.20 23.30 ,,2.47 0.00 ,,1.45 -0.20 ,,1.36 -0.30 ,,1.42 -0.30 ,,0.81 -0.40 ,,2.02,-0.2,,,,,,"        Serial.print("" "");  //Add a space between the voltage reading and the next reading taken "
,1.02 -0.40 ,,2.22 26.20 ,,2.48 -0.10 ,,1.47 -0.10 ,,1.38 -0.10 ,,1.44 0.00 ,,0.81 0.10 ,,2.05,0,,,,,,
,1.02 -0.40 ,,2.22 28.80 ,,2.50 -0.20 ,,1.49 0.00 ,,1.40 -0.20 ,,1.47 -0.10 ,,0.82 0.00 ,,2.07,-0.1,,,,,,        currentAcrossLED = ina219.getCurrent_mA();  //Take a current reading
,1.02 0.10 ,,2.24 31.10 ,,2.52 -0.10 ,,1.52 0.20 ,,1.43 -0.10 ,,1.49 -0.10 ,,0.81 -0.40 ,,2.08,-0.1,,,,,,        Serial.print(currentAcrossLED); //Print the current reading
,1.02 -0.20 ,,2.26 33.50 ,,2.52 0.10 ,,1.54 0.00 ,,1.45 -0.10 ,,1.51 0.20 ,,0.82 -0.10 ,,2.11,0,,,,,,"        Serial.print("" "");  //Add a space between the voltage reading and the next reading taken "
,1.02 -0.30 ,,2.28 37.00 ,,2.54 -0.10 ,,1.57 0.00 ,,1.47 0.10 ,,1.53 0.10 ,,0.82 0.00 ,,2.14,-0.1,,,,,,
,1.02 -0.10 ,,2.28 39.70 ,,2.56 0.00 ,,1.59 0.00 ,,1.50 -0.10 ,,1.54 0.00 ,,0.81 -0.20 ,,2.16,-0.3,,,,,,        if(currentAcrossLED>100){  //Make a break condition
,1.02 -0.10 ,,2.30 43.70 ,,2.57 0.10 ,,1.61 0.00 ,,1.52 -0.30 ,,1.56 -0.10 ,,0.81 -0.10 ,,2.18,-0.2,,,,,,          i = 4096;
,1.03 -0.10 ,,2.32 46.80 ,,2.58 0.20 ,,1.63 -0.10 ,,1.54 -0.30 ,,1.57 0.00 ,,0.81 -0.20 ,,2.21,-0.3,,,,,,        }
,1.03 0.00 ,,2.33 49.70 ,,2.60 0.30 ,,1.66 -0.20 ,,1.56 -0.20 ,,1.58 -0.10 ,,0.82 -0.20 ,,2.23,-0.3,,,,,,
,1.03 0.20 ,,2.34 53.30 ,,2.62 0.60 ,,1.68 -0.30 ,,1.58 -0.40 ,,1.60 -0.10 ,,0.81 -0.20 ,,2.25,-0.1,,,,,,"        dac_LEDsupply.setVoltage(0,false);// Turn off the LED voltage supply."
,1.03 0.00 ,,2.36 56.50 ,,2.63 1.10 ,,1.71 -0.10 ,,1.60 -0.10 ,,1.62 -0.10 ,,0.81 -0.10 ,,2.28,-0.3,,,,,,        delay(30); // Let the system cool
,1.04 -0.10 ,,2.37 60.90 ,,2.65 1.70 ,,1.73 0.10 ,,1.62 0.00 ,,1.63 0.10 ,,0.81 -0.30 ,,2.3,-0.4,,,,,,"        Serial.println(""""); // Start a new line for your next run through the loop. "
,1.05 -0.30 ,,2.38 64.80 ,,2.66 1.80 ,,1.75 -0.20 ,,1.64 -0.10 ,,1.65 0.30 ,,0.81 -0.20 ,,2.33,-0.2,,,,,,        
,1.06 -0.30 ,,2.40 69.10 ,,2.68 2.30 ,,1.77 0.00 ,,1.66 0.00 ,,1.66 0.20 ,,0.81 -0.30 ,,2.35,-0.1,,,,,,
,1.07 -0.20 ,,2.41 72.90 ,,2.69 2.60 ,,1.80 -0.30 ,,1.68 -0.30 ,,1.67 0.30 ,,0.81 -0.30 ,,2.36,-0.1,,,,,,}
,1.08 -0.30 ,,2.42 76.30 ,,2.71 3.40 ,,1.83 -0.10 ,,1.69 -0.10 ,,1.70 0.50 ,,0.81 -0.40 ,,2.39,-0.1,,,,,,
,1.10 -0.20 ,,2.44 80.50 ,,2.73 4.10 ,,1.84 -0.10 ,,1.71 0.10 ,,1.71 0.70 ,,0.81 -0.30 ,,2.42,-0.1,,,,,,}
,1.12 -0.10 ,,2.45 84.90 ,,2.75 4.40 ,,1.87 -0.10 ,,1.72 0.00 ,,1.73 1.10 ,,0.82 -0.20 ,,2.44,0,,,,,,
,1.14 -0.20 ,,2.46 89.90 ,,2.77 5.30 ,,1.89 -0.10 ,,1.74 0.20 ,,1.75 1.50 ,,0.81 0.00 ,,2.47,-0.2,,,,,,
,1.16 0.10 ,,2.48 94.40 ,,2.78 6.10 ,,1.92 -0.40 ,,1.76 0.10 ,,1.76 1.90 ,,0.81 -0.10 ,,2.49,-0.2,,,,,,
,1.18 -0.10 ,,2.48 99.30 ,,2.80 6.90 ,,1.94 -0.10 ,,1.78 -0.10 ,,1.78 2.40 ,,0.81 -0.20 ,,2.51,0,,,,,,
,1.20 -0.30 ,,2.49 103.10 ,,2.82 7.40 ,,1.96 -0.10 ,,1.79 0.10 ,,1.80 2.70 ,,0.81 0.00 ,,2.54,0.1,,,,,,
,1.22 -0.20 ,,1.02 -0.20 ,,2.84 8.60 ,,1.99 0.00 ,,1.80 0.10 ,,1.81 3.70 ,,0.81 0.00 ,,2.56,-0.1,,,,,,
,1.25 -0.10 ,,1.02 -0.20 ,,2.86 9.40 ,,2.01 -0.50 ,,1.82 0.10 ,,1.83 4.20 ,,0.81 -0.40 ,,2.58,-0.1,,,,,,
,1.27 -0.30 ,,1.02 -0.20 ,,2.88 10.40 ,,2.03 -0.10 ,,1.84 0.50 ,,1.85 5.20 ,,0.81 -0.20 ,,2.61,-0.2,,,,,,
,1.29 -0.20 ,,1.02 -0.60 ,,2.90 11.20 ,,2.05 -0.30 ,,1.85 1.00 ,,1.87 5.50 ,,0.81 -0.30 ,,2.63,0.1,,,,,,
,1.31 -0.40 ,,1.02 0.00 ,,2.91 12.20 ,,2.07 -0.30 ,,1.87 1.00 ,,1.89 6.80 ,,0.81 0.00 ,,2.65,-0.1,,,,,,
,1.34 -0.10 ,,1.02 -0.20 ,,2.93 13.30 ,,2.10 -0.10 ,,1.88 1.50 ,,1.90 7.40 ,,0.81 -0.10 ,,2.67,0,,,,,,
,1.36 -0.10 ,,1.02 -0.20 ,,2.95 14.20 ,,2.12 0.00 ,,1.90 2.30 ,,1.92 8.40 ,,0.82 -0.10 ,,2.7,-0.1,,,,,,
,1.39 -0.10 ,,1.02 -0.10 ,,2.97 15.30 ,,2.14 -0.10 ,,1.91 2.60 ,,1.94 10.00 ,,0.82 -0.10 ,,2.71,-0.3,,,,,,
,1.41 -0.10 ,,1.02 -0.20 ,,2.99 16.30 ,,2.16 -0.10 ,,1.92 3.90 ,,1.96 11.10 ,,0.81 -0.20 ,,2.74,-0.3,,,,,,
,1.43 -0.30 ,,1.02 -0.30 ,,3.00 17.50 ,,2.18 0.10 ,,1.94 4.90 ,,1.98 12.30 ,,0.82 -0.30 ,,2.76,0,,,,,,
,1.46 0.10 ,,1.02 -0.10 ,,3.03 19.00 ,,2.20 -0.20 ,,1.96 6.90 ,,1.99 13.60 ,,0.81 -0.30 ,,2.78,-0.1,,,,,,
,1.48 -0.20 ,,1.02 0.10 ,,3.04 19.70 ,,2.23 0.00 ,,1.97 9.00 ,,2.01 15.40 ,,0.82 -0.30 ,,2.8,-0.1,,,,,,
,1.50 -0.10 ,,1.02 -0.20 ,,3.07 21.10 ,,2.25 -0.10 ,,1.98 11.10 ,,2.03 16.40 ,,0.81 -0.10 ,,2.81,-0.1,,,,,,
,1.53 0.10 ,,1.02 -0.30 ,,3.08 22.40 ,,2.27 0.10 ,,2.00 13.90 ,,2.05 18.50 ,,0.82 -0.30 ,,2.83,-0.1,,,,,,
,1.55 -0.20 ,,1.02 -0.40 ,,3.10 23.80 ,,2.29 -0.20 ,,2.00 17.00 ,,2.07 20.60 ,,0.82 -0.20 ,,2.84,-0.2,,,,,,
,1.58 -0.50 ,,1.02 -0.10 ,,3.12 25.00 ,,2.31 -0.20 ,,2.01 20.70 ,,2.08 22.00 ,,0.82 -0.30 ,,2.86,0,,,,,,
,1.60 -0.10 ,,1.02 -0.30 ,,3.14 26.40 ,,2.33 0.00 ,,2.02 25.50 ,,2.10 24.30 ,,0.83 -0.10 ,,2.88,0,,,,,,
,1.62 -0.30 ,,1.02 -0.10 ,,3.16 27.70 ,,2.35 0.00 ,,2.04 31.20 ,,2.12 26.10 ,,0.84 -0.40 ,,2.89,0.1,,,,,,
,1.64 -0.30 ,,1.02 -0.10 ,,3.18 29.10 ,,2.38 -0.10 ,,2.05 36.60 ,,2.14 28.20 ,,0.85 -0.40 ,,2.9,0.2,,,,,,
,1.67 -0.30 ,,1.02 -0.30 ,,3.20 30.80 ,,2.40 0.00 ,,2.05 41.70 ,,2.15 30.50 ,,0.86 -0.20 ,,2.92,0.5,,,,,,
,1.69 0.00 ,,1.02 -0.30 ,,3.21 32.00 ,,2.42 0.10 ,,2.06 48.00 ,,2.18 33.50 ,,0.88 -0.20 ,,2.94,0.6,,,,,,
,1.72 0.00 ,,1.02 -0.30 ,,3.23 33.60 ,,2.44 0.10 ,,2.06 54.20 ,,2.19 35.90 ,,0.89 -0.30 ,,2.95,0.8,,,,,,
,1.74 -0.30 ,,1.02 -0.10 ,,3.25 35.00 ,,2.46 0.00 ,,2.08 62.10 ,,2.21 38.60 ,,0.90 -0.10 ,,2.97,1.2,,,,,,
,1.76 -0.10 ,,1.02 -0.20 ,,3.26 36.50 ,,2.48 0.00 ,,2.08 69.90 ,,2.22 41.30 ,,0.92 -0.30 ,,2.98,1.7,,,,,,
,1.78 -0.20 ,,1.02 -0.10 ,,3.28 37.70 ,,2.50 -0.10 ,,2.08 78.80 ,,2.24 43.90 ,,0.94 0.00 ,,3,2.2,,,,,,
,1.81 -0.10 ,,1.02 0.00 ,,3.30 39.30 ,,2.52 0.10 ,,2.09 84.90 ,,2.25 47.20 ,,0.96 0.10 ,,3.02,2.6,,,,,,
,1.83 -0.30 ,,1.02 -0.30 ,,3.32 41.70 ,,2.54 0.20 ,,2.09 92.90 ,,2.27 50.40 ,,0.97 -0.20 ,,3.03,3.7,,,,,,
,1.86 -0.20 ,,1.02 -0.40 ,,3.34 43.20 ,,2.56 0.40 ,,2.10 100.30 ,,2.29 54.30 ,,0.99 -0.10 ,,3.05,4.4,,,,,,
,1.88 -0.30 ,,1.03 -0.30 ,,3.36 44.70 ,,2.57 -0.10 ,,1.02 -0.10 ,,2.30 57.30 ,,1.00 -0.20 ,,3.07,5.2,,,,,,
,1.90 -0.10 ,,1.02 0.10 ,,3.37 46.10 ,,2.59 0.10 ,,1.02 -0.10 ,,2.32 61.10 ,,1.02 0.00 ,,3.08,6.2,,,,,,
,1.93 0.00 ,,1.02 -0.50 ,,3.38 47.90 ,,2.62 0.30 ,,1.02 0.00 ,,2.33 64.10 ,,1.03 0.20 ,,3.1,7,,,,,,
,1.95 -0.30 ,,1.02 -0.10 ,,3.40 49.40 ,,2.64 0.30 ,,1.02 -0.30 ,,2.34 68.00 ,,1.04 0.30 ,,3.12,8.3,,,,,,
,1.97 -0.10 ,,1.02 -0.10 ,,3.42 51.80 ,,2.66 0.30 ,,1.02 -0.20 ,,2.36 72.30 ,,1.06 0.50 ,,3.13,9.6,,,,,,
,2.00 -0.50 ,,1.02 -0.40 ,,3.44 53.60 ,,2.68 0.40 ,,1.02 -0.10 ,,2.37 76.70 ,,1.08 0.50 ,,3.15,11.1,,,,,,
,2.02 -0.20 ,,1.02 -0.40 ,,3.46 55.60 ,,2.70 0.20 ,,1.02 -0.10 ,,2.38 81.60 ,,1.09 1.30 ,,3.17,12.3,,,,,,
,2.05 0.00 ,,1.03 0.10 ,,3.47 57.30 ,,2.71 0.70 ,,1.02 -0.10 ,,2.40 85.60 ,,1.11 1.20 ,,3.18,13.5,,,,,,
,2.07 -0.10 ,,1.02 -0.40 ,,3.49 59.30 ,,2.74 0.80 ,,1.02 -0.20 ,,2.40 91.00 ,,1.12 2.00 ,,3.2,15.3,,,,,,
,2.08 -0.10 ,,1.02 -0.10 ,,3.50 61.30 ,,2.76 0.60 ,,1.02 -0.30 ,,2.41 95.20 ,,1.14 2.60 ,,3.22,16.4,,,,,,
,2.11 0.00 ,,1.02 0.00 ,,3.52 63.40 ,,2.78 0.60 ,,1.02 -0.30 ,,2.42 101.10 ,,1.15 3.90 ,,3.23,18.4,,,,,,
,2.14 -0.10 ,,1.02 0.00 ,,3.54 65.40 ,,2.80 0.80 ,,1.02 -0.40 ,,1.02 -0.10 ,,1.16 5.00 ,,3.25,19.7,,,,,,
,2.16 -0.30 ,,1.02 -0.30 ,,3.56 67.80 ,,2.82 0.70 ,,1.03 -0.20 ,,1.02 -0.10 ,,1.17 6.60 ,,3.27,21.7,,,,,,
,2.18 -0.20 ,,1.02 0.00 ,,3.57 69.90 ,,2.84 1.00 ,,1.02 -0.30 ,,1.02 0.00 ,,1.19 9.40 ,,3.29,23.5,,,,,,
,2.21 -0.30 ,,1.03 -0.40 ,,3.59 71.80 ,,2.86 1.10 ,,1.03 -0.30 ,,1.02 0.00 ,,1.20 11.80 ,,3.3,25.5,,,,,,
,2.23 -0.30 ,,1.02 0.10 ,,3.60 73.50 ,,2.89 1.30 ,,1.02 0.00 ,,1.02 0.00 ,,1.21 15.70 ,,3.32,27.3,,,,,,
,2.25 -0.10 ,,1.02 0.00 ,,3.62 75.70 ,,2.90 1.10 ,,1.02 -0.30 ,,1.02 0.00 ,,1.22 19.00 ,,3.33,28.5,,,,,,
,2.28 -0.30 ,,1.03 0.10 ,,3.64 78.20 ,,2.93 1.10 ,,1.02 -0.30 ,,1.02 -0.20 ,,1.23 22.40 ,,3.36,31,,,,,,
,2.30 -0.40 ,,1.03 -0.40 ,,3.65 80.80 ,,2.95 1.30 ,,1.02 -0.10 ,,1.02 -0.40 ,,1.24 27.80 ,,3.38,32.8,,,,,,
,2.33 -0.20 ,,1.02 0.10 ,,3.67 82.80 ,,2.97 1.50 ,,1.03 -0.20 ,,1.02 0.00 ,,1.26 32.50 ,,3.39,34.9,,,,,,
,2.35 -0.10 ,,1.02 0.00 ,,3.68 85.20 ,,3.00 1.60 ,,1.02 -0.40 ,,1.02 0.10 ,,1.27 38.20 ,,3.41,37,,,,,,
,2.36 -0.10 ,,1.02 -0.10 ,,3.69 86.90 ,,3.02 1.80 ,,1.02 -0.10 ,,1.02 -0.20 ,,1.28 44.00 ,,3.43,38.6,,,,,,
,2.39 -0.10 ,,1.02 -0.20 ,,3.70 86.80 ,,3.04 1.90 ,,1.03 0.10 ,,1.02 -0.10 ,,1.29 49.80 ,,3.44,40.4,,,,,,
,2.42 -0.10 ,,1.02 -0.20 ,,3.70 87.10 ,,3.06 1.90 ,,1.03 0.00 ,,1.02 -0.20 ,,1.30 54.50 ,,3.46,42.2,,,,,,
,2.44 0.00 ,,1.02 -0.30 ,,3.70 87.00 ,,3.08 1.70 ,,1.03 -0.30 ,,1.02 -0.30 ,,1.31 61.00 ,,3.48,44.5,,,,,,
,2.47 -0.20 ,,1.03 -0.50 ,,1.02 0.00 ,,3.11 2.20 ,,1.02 0.00 ,,1.02 -0.20 ,,1.32 67.70 ,,3.49,46.4,,,,,,
,2.49 -0.20 ,,1.02 -0.10 ,,1.02 -0.20 ,,3.12 2.00 ,,1.02 -0.10 ,,1.03 -0.20 ,,1.33 74.40 ,,3.51,49.1,,,,,,
,2.51 0.00 ,,1.02 -0.10 ,,1.03 -0.30 ,,3.15 2.30 ,,1.02 -0.30 ,,1.02 0.10 ,,1.34 81.60 ,,3.53,50.5,,,,,,
,2.54 0.10 ,,1.02 -0.30 ,,1.03 -0.10 ,,3.18 2.50 ,,1.03 -0.30 ,,1.02 -0.10 ,,1.35 87.00 ,,3.54,53.1,,,,,,
,2.56 -0.10 ,,1.02 -0.10 ,,1.02 0.00 ,,3.20 2.40 ,,1.02 0.00 ,,1.02 0.10 ,,1.36 93.50 ,,3.56,54.8,,,,,,
,2.58 -0.10 ,,1.02 -0.30 ,,1.02 -0.20 ,,3.22 2.70 ,,1.02 0.00 ,,1.02 -0.30 ,,1.36 99.10 ,,3.58,56.7,,,,,,
,2.61 -0.20 ,,1.02 -0.40 ,,1.03 0.00 ,,3.25 2.70 ,,1.03 0.00 ,,1.02 -0.10 ,,1.37 106.40 ,,3.6,59.6,,,,,,
,2.63 0.10 ,,1.03 -0.20 ,,1.02 -0.10 ,,3.27 2.60 ,,1.02 -0.50 ,,1.02 0.00 ,,0.81 0.00 ,,3.61,61.7,,,,,,
,2.65 -0.10 ,,1.02 -0.10 ,,1.02 -0.30 ,,3.28 2.80 ,,1.03 -0.30 ,,1.02 -0.20 ,,0.81 -0.10 ,,3.63,63.8,,,,,,
,2.67 0.00 ,,1.03 -0.20 ,,1.03 -0.10 ,,3.31 2.80 ,,1.03 -0.20 ,,1.02 -0.30 ,,0.81 0.10 ,,3.64,65.8,,,,,,
,2.70 -0.10 ,,1.03 0.00 ,,1.03 -0.10 ,,3.34 3.30 ,,1.02 0.00 ,,1.03 -0.40 ,,0.81 -0.10 ,,3.66,68.3,,,,,,
,2.71 -0.30 ,,1.04 -0.20 ,,1.02 0.00 ,,3.36 3.00 ,,1.03 -0.10 ,,1.02 0.20 ,,0.81 -0.20 ,,3.67,70.4,,,,,,
,2.74 -0.30 ,,1.05 -0.10 ,,1.02 -0.30 ,,3.38 3.40 ,,1.02 -0.30 ,,1.02 -0.10 ,,0.81 -0.40 ,,3.69,72.7,,,,,,
,2.76 0.00 ,,1.06 -0.10 ,,1.03 -0.30 ,,3.41 3.50 ,,1.03 0.00 ,,1.02 -0.10 ,,0.81 -0.30 ,,3.71,75.5,,,,,,
,2.78 -0.10 ,,1.07 -0.10 ,,1.02 -0.20 ,,3.42 3.70 ,,1.03 -0.10 ,,1.02 -0.10 ,,0.81 -0.10 ,,3.72,77.5,,,,,,
,2.80 -0.10 ,,1.09 -0.20 ,,1.02 -0.30 ,,3.45 3.70 ,,1.02 -0.10 ,,1.03 -0.10 ,,0.82 -0.30 ,,3.74,79.9,,,,,,
,2.81 -0.10 ,,1.11 -0.30 ,,1.02 0.00 ,,3.47 3.70 ,,1.03 -0.30 ,,1.02 0.20 ,,0.81 -0.40 ,,3.76,81.5,,,,,,
,2.83 -0.10 ,,1.13 -0.10 ,,1.02 0.00 ,,3.49 4.00 ,,1.03 0.00 ,,1.03 -0.20 ,,0.81 -0.20 ,,3.76,82.1,,,,,,
,2.84 -0.20 ,,1.14 -0.30 ,,1.02 -0.30 ,,3.52 3.90 ,,1.03 -0.10 ,,1.03 -0.30 ,,0.82 -0.20 ,,3.76,82,,,,,,
,2.86 0.00 ,,1.16 0.10 ,,1.02 -0.30 ,,3.54 4.40 ,,1.02 -0.30 ,,1.02 -0.10 ,,0.81 -0.20 ,,3.76,81.9,,,,,,
,2.88 0.00 ,,1.18 -0.20 ,,1.02 -0.10 ,,3.56 4.30 ,,1.03 -0.20 ,,1.02 -0.10 ,,0.81 -0.10 ,,,,,,,,,
,2.89 0.10 ,,1.20 -0.10 ,,1.03 0.00 ,,3.58 4.30 ,,1.03 -0.40 ,,1.02 -0.20 ,,0.81 0.10 ,,,,,,,,,
,2.90 0.20 ,,1.22 -0.10 ,,1.03 -0.10 ,,3.60 4.50 ,,1.02 -0.10 ,,1.02 -0.30 ,,0.81 -0.40 ,,,,,,,,,
,2.92 0.50 ,,1.25 0.10 ,,1.02 -0.30 ,,3.63 4.50 ,,1.03 -0.10 ,,1.03 -0.20 ,,0.81 -0.30 ,,,,,,,,,
,2.94 0.60 ,,1.27 -0.20 ,,1.02 0.00 ,,3.65 5.30 ,,1.03 -0.30 ,,1.02 -0.30 ,,0.82 -0.30 ,,,,,,,,,
,2.95 0.80 ,,1.29 -0.10 ,,1.02 -0.10 ,,3.68 5.10 ,,1.02 -0.40 ,,1.02 -0.10 ,,0.81 -0.10 ,,,,,,,,,
,2.97 1.20 ,,1.31 -0.10 ,,1.02 -0.10 ,,3.70 5.30 ,,1.02 -0.10 ,,1.02 -0.10 ,,0.81 0.00 ,,,,,,,,,
,2.98 1.70 ,,1.34 -0.30 ,,1.02 -0.10 ,,3.72 5.50 ,,1.02 -0.30 ,,1.02 -0.10 ,,0.81 -0.30 ,,,,,,,,,
,3.00 2.20 ,,1.36 -0.20 ,,1.02 -0.30 ,,3.73 5.90 ,,1.02 -0.10 ,,1.02 -0.30 ,,0.81 -0.10 ,,,,,,,,,
,3.02 2.60 ,,1.38 -0.30 ,,1.02 -0.20 ,,3.76 5.70 ,,1.03 0.00 ,,1.02 -0.10 ,,0.81 -0.40 ,,,,,,,,,
,3.03 3.70 ,,1.41 -0.20 ,,1.02 -0.20 ,,3.79 5.70 ,,1.02 -0.10 ,,1.03 0.00 ,,0.82 -0.10 ,,,,,,,,,
,3.05 4.40 ,,1.43 -0.40 ,,1.02 0.00 ,,3.80 6.10 ,,1.02 -0.10 ,,1.02 -0.30 ,,0.81 -0.10 ,,,,,,,,,
,3.07 5.20 ,,1.45 0.00 ,,1.02 -0.10 ,,3.84 6.30 ,,1.03 0.00 ,,1.02 -0.10 ,,0.81 -0.30 ,,,,,,,,,
,3.08 6.20 ,,1.48 0.00 ,,1.02 -0.10 ,,3.85 6.30 ,,1.02 -0.30 ,,1.03 -0.20 ,,0.81 0.00 ,,,,,,,,,
,3.10 7.00 ,,1.50 -0.20 ,,1.02 -0.40 ,,3.88 6.40 ,,1.02 -0.10 ,,1.02 0.00 ,,0.82 -0.30 ,,,,,,,,,
,3.12 8.30 ,,1.52 -0.30 ,,1.02 -0.20 ,,3.90 6.80 ,,1.02 -0.40 ,,,,0.81 -0.20 ,,,,,,,,,
,3.13 9.60 ,,1.54 -0.30 ,,1.02 0.00 ,,3.92 6.70 ,,1.03 -0.40 ,,,,0.81 0.00 ,,,,,,,,,
,3.15 11.10 ,,1.57 -0.10 ,,1.02 0.00 ,,3.94 6.90 ,,1.03 -0.30 ,,,,0.81 -0.30 ,,,,,,,,,
,3.17 12.30 ,,1.59 -0.40 ,,1.02 -0.30 ,,3.97 7.20 ,,1.03 -0.10 ,,,,0.81 -0.30 ,,,,,,,,,
,3.18 13.50 ,,1.60 -0.40 ,,1.02 -0.10 ,,3.99 7.70 ,,1.04 0.10 ,,,,0.81 -0.40 ,,,,,,,,,
,3.20 15.30 ,,1.62 0.10 ,,1.02 -0.10 ,,4.00 7.70 ,,1.05 -0.40 ,,,,0.82 -0.10 ,,,,,,,,,
,3.22 16.40 ,,1.64 -0.10 ,,1.02 -0.30 ,,4.03 7.70 ,,1.06 -0.10 ,,,,0.81 -0.30 ,,,,,,,,,
,3.23 18.40 ,,1.66 -0.20 ,,1.02 0.10 ,,4.05 7.90 ,,1.07 -0.20 ,,,,0.81 -0.10 ,,,,,,,,,
,3.25 19.70 ,,1.68 -0.10 ,,1.03 -0.20 ,,4.06 8.10 ,,1.09 -0.20 ,,,,0.82 0.10 ,,,,,,,,,
,3.27 21.70 ,,1.69 -0.10 ,,1.02 -0.40 ,,1.03 -0.10 ,,1.10 -0.50 ,,,,0.82 -0.20 ,,,,,,,,,
,3.29 23.50 ,,1.70 0.10 ,,1.02 -0.40 ,,1.02 -0.20 ,,1.13 -0.40 ,,,,0.81 0.00 ,,,,,,,,,
,3.30 25.50 ,,1.72 0.00 ,,1.02 -0.40 ,,1.02 -0.20 ,,1.14 -0.10 ,,,,0.82 -0.40 ,,,,,,,,,
,3.32 27.30 ,,1.74 -0.20 ,,1.02 -0.20 ,,1.02 -0.30 ,,1.16 0.10 ,,,,0.81 -0.10 ,,,,,,,,,
,3.33 28.50 ,,1.75 0.00 ,,1.02 0.20 ,,1.03 -0.30 ,,1.18 -0.40 ,,,,0.81 -0.10 ,,,,,,,,,
,3.36 31.00 ,,1.77 0.10 ,,1.02 0.00 ,,1.02 -0.40 ,,1.20 -0.30 ,,,,0.81 -0.10 ,,,,,,,,,
,3.38 32.80 ,,1.79 0.10 ,,1.02 -0.10 ,,1.02 -0.10 ,,1.22 0.10 ,,,,0.81 0.00 ,,,,,,,,,
,3.39 34.90 ,,1.80 0.40 ,,1.02 -0.10 ,,1.03 -0.30 ,,1.25 -0.20 ,,,,0.81 0.00 ,,,,,,,,,
,3.41 37.00 ,,1.82 0.30 ,,1.02 -0.30 ,,1.02 0.10 ,,1.28 -0.30 ,,,,0.82 0.10 ,,,,,,,,,
,3.43 38.60 ,,1.84 0.80 ,,1.03 0.10 ,,1.02 -0.30 ,,1.29 -0.10 ,,,,0.81 -0.40 ,,,,,,,,,
,3.44 40.40 ,,1.85 0.80 ,,1.02 -0.40 ,,1.02 -0.30 ,,1.32 -0.30 ,,,,0.82 0.00 ,,,,,,,,,
,3.46 42.20 ,,1.87 1.10 ,,1.02 0.00 ,,1.02 -0.30 ,,1.34 0.10 ,,,,0.82 -0.30 ,,,,,,,,,
,3.48 44.50 ,,1.89 1.50 ,,1.02 -0.30 ,,1.02 -0.30 ,,1.36 0.20 ,,,,0.81 -0.30 ,,,,,,,,,
,3.49 46.40 ,,1.90 1.80 ,,1.02 -0.10 ,,1.03 -0.30 ,,1.39 -0.10 ,,,,0.81 0.00 ,,,,,,,,,
,3.51 49.10 ,,1.92 2.20 ,,1.02 -0.20 ,,1.02 -0.30 ,,1.41 -0.20 ,,,,0.81 -0.30 ,,,,,,,,,
,3.53 50.50 ,,1.94 2.70 ,,1.02 -0.10 ,,1.02 -0.40 ,,1.43 -0.30 ,,,,0.81 -0.30 ,,,,,,,,,
,3.54 53.10 ,,1.95 3.50 ,,1.02 -0.30 ,,1.02 -0.20 ,,1.45 -0.10 ,,,,0.81 -0.10 ,,,,,,,,,
,3.56 54.80 ,,1.98 4.20 ,,1.03 -0.30 ,,1.02 -0.30 ,,1.48 -0.10 ,,,,0.82 -0.10 ,,,,,,,,,
,3.58 56.70 ,,1.99 5.00 ,,1.03 -0.10 ,,1.02 -0.30 ,,1.50 -0.20 ,,,,0.82 0.10 ,,,,,,,,,
,3.60 59.60 ,,2.02 5.90 ,,1.03 0.00 ,,1.02 -0.10 ,,1.52 -0.10 ,,,,0.82 -0.30 ,,,,,,,,,
,3.61 61.70 ,,2.03 6.70 ,,1.04 -0.30 ,,1.03 -0.30 ,,1.55 -0.30 ,,,,0.83 -0.40 ,,,,,,,,,
,3.63 63.80 ,,2.04 7.80 ,,1.04 -0.10 ,,1.02 -0.10 ,,1.57 -0.30 ,,,,0.84 0.00 ,,,,,,,,,
,3.64 65.80 ,,2.06 9.00 ,,1.05 -0.40 ,,1.02 -0.10 ,,1.59 -0.10 ,,,,0.85 0.00 ,,,,,,,,,
,3.66 68.30 ,,2.08 10.40 ,,1.07 0.00 ,,1.02 -0.20 ,,1.60 0.00 ,,,,0.86 0.10 ,,,,,,,,,
,3.67 70.40 ,,2.10 12.10 ,,1.08 -0.30 ,,1.03 0.10 ,,1.62 -0.40 ,,,,0.88 0.00 ,,,,,,,,,
,3.69 72.70 ,,2.12 13.90 ,,1.10 0.10 ,,1.02 -0.40 ,,1.64 0.00 ,,,,0.89 -0.10 ,,,,,,,,,
,3.71 75.50 ,,2.13 15.70 ,,1.12 0.00 ,,1.02 -0.20 ,,1.66 -0.30 ,,,,0.91 -0.20 ,,,,,,,,,
,3.72 77.50 ,,2.14 16.90 ,,1.14 -0.40 ,,1.02 -0.10 ,,1.68 0.10 ,,,,0.92 -0.20 ,,,,,,,,,
,3.74 79.90 ,,2.16 19.40 ,,1.16 0.00 ,,1.02 -0.20 ,,1.70 -0.10 ,,,,0.94 -0.20 ,,,,,,,,,
,3.76 81.50 ,,2.18 21.60 ,,1.18 -0.10 ,,1.02 -0.10 ,,1.71 -0.40 ,,,,0.96 0.10 ,,,,,,,,,
,3.76 82.10 ,,2.20 24.10 ,,1.20 -0.10 ,,1.02 0.00 ,,1.73 -0.10 ,,,,0.97 -0.10 ,,,,,,,,,
,3.76 82.00 ,,2.22 27.00 ,,1.22 0.30 ,,1.02 -0.20 ,,1.74 0.10 ,,,,0.98 -0.30 ,,,,,,,,,
,3.76 81.90 ,,2.24 29.10 ,,1.24 -0.30 ,,1.02 0.10 ,,1.76 0.00 ,,,,1.00 0.00 ,,,,,,,,,
,1.03 -0.20 ,,2.25 31.80 ,,1.27 0.20 ,,1.02 -0.30 ,,1.78 0.10 ,,,,1.02 0.10 ,,,,,,,,,
,1.03 0.00 ,,2.26 34.20 ,,1.29 0.00 ,,1.02 -0.40 ,,1.80 0.10 ,,,,1.03 0.10 ,,,,,,,,,
,1.03 0.10 ,,2.28 37.70 ,,1.31 0.00 ,,1.02 -0.30 ,,1.81 0.30 ,,,,1.04 0.30 ,,,,,,,,,
,1.02 -0.10 ,,2.30 40.60 ,,1.33 -0.20 ,,1.02 -0.10 ,,1.82 0.40 ,,,,1.06 0.40 ,,,,,,,,,
,1.02 -0.10 ,,2.31 44.50 ,,1.36 -0.10 ,,1.02 0.00 ,,1.84 0.60 ,,,,1.08 0.60 ,,,,,,,,,
,1.02 -0.20 ,,2.32 47.40 ,,1.38 -0.10 ,,1.02 -0.20 ,,1.86 0.90 ,,,,1.09 0.60 ,,,,,,,,,
,1.02 0.00 ,,2.34 50.20 ,,1.41 -0.20 ,,1.03 -0.10 ,,1.87 1.40 ,,,,1.11 1.40 ,,,,,,,,,
,1.02 0.00 ,,2.35 53.90 ,,1.43 -0.40 ,,1.02 -0.10 ,,1.89 1.80 ,,,,1.12 2.10 ,,,,,,,,,
,1.03 0.00 ,,2.36 56.60 ,,1.45 -0.10 ,,1.02 -0.20 ,,1.90 2.50 ,,,,1.14 2.40 ,,,,,,,,,
,1.03 -0.10 ,,2.38 61.70 ,,1.47 -0.10 ,,1.02 0.00 ,,1.92 3.10 ,,,,1.15 3.70 ,,,,,,,,,
,1.02 -0.30 ,,2.39 65.80 ,,1.50 0.00 ,,1.02 -0.10 ,,1.93 3.80 ,,,,1.16 5.00 ,,,,,,,,,
,1.02 0.00 ,,2.41 69.70 ,,1.52 -0.20 ,,1.02 -0.10 ,,1.94 5.40 ,,,,1.18 6.80 ,,,,,,,,,
,1.03 -0.20 ,,2.42 73.20 ,,1.55 -0.30 ,,1.02 -0.40 ,,1.96 7.40 ,,,,1.19 9.50 ,,,,,,,,,
,1.02 -0.10 ,,2.43 77.50 ,,1.57 -0.10 ,,1.02 -0.20 ,,1.97 8.90 ,,,,1.20 12.30 ,,,,,,,,,
,1.03 -0.20 ,,2.44 81.60 ,,1.59 -0.20 ,,1.02 -0.30 ,,1.98 12.20 ,,,,1.21 15.50 ,,,,,,,,,
,1.02 -0.20 ,,2.45 85.90 ,,1.61 -0.30 ,,1.02 -0.30 ,,2.00 14.90 ,,,,1.22 18.80 ,,,,,,,,,
,1.03 0.10 ,,2.46 90.90 ,,1.64 -0.30 ,,1.02 -0.40 ,,2.01 17.90 ,,,,1.23 22.10 ,,,,,,,,,
,1.02 0.00 ,,2.47 95.40 ,,1.66 -0.10 ,,1.02 -0.20 ,,2.02 22.20 ,,,,1.25 28.00 ,,,,,,,,,
,1.03 -0.10 ,,2.48 100.00 ,,1.68 -0.30 ,,1.02 -0.10 ,,2.03 26.90 ,,,,1.26 32.80 ,,,,,,,,,
,1.03 -0.10 ,,2.50 104.40 ,,1.71 -0.30 ,,1.02 -0.30 ,,2.04 32.60 ,,,,1.27 38.60 ,,,,,,,,,
,1.03 -0.30 ,,1.02 -0.40 ,,1.74 -0.20 ,,1.02 -0.10 ,,2.05 38.00 ,,,,1.28 44.40 ,,,,,,,,,
,1.03 0.00 ,,1.03 -0.10 ,,1.76 -0.10 ,,1.03 -0.10 ,,2.06 44.20 ,,,,1.29 49.60 ,,,,,,,,,
,1.03 -0.10 ,,1.02 -0.30 ,,1.78 -0.40 ,,1.02 -0.10 ,,2.06 49.60 ,,,,1.30 55.30 ,,,,,,,,,
,1.02 0.10 ,,1.02 -0.30 ,,1.80 -0.10 ,,1.02 -0.20 ,,2.07 56.70 ,,,,1.31 60.80 ,,,,,,,,,
,1.03 -0.30 ,,1.02 0.10 ,,1.82 -0.30 ,,1.03 0.00 ,,2.07 64.20 ,,,,1.32 68.10 ,,,,,,,,,
,1.02 -0.20 ,,1.02 -0.10 ,,1.85 0.00 ,,1.02 -0.20 ,,2.08 72.00 ,,,,1.33 74.60 ,,,,,,,,,
,1.02 0.00 ,,1.02 -0.10 ,,1.87 0.20 ,,1.02 -0.10 ,,2.09 81.40 ,,,,1.34 81.80 ,,,,,,,,,
,1.02 0.00 ,,1.02 0.00 ,,1.90 0.10 ,,1.03 -0.40 ,,2.09 87.80 ,,,,1.35 87.30 ,,,,,,,,,
,1.02 -0.30 ,,1.02 0.00 ,,1.92 -0.20 ,,1.03 -0.40 ,,2.09 95.20 ,,,,1.36 93.00 ,,,,,,,,,
,1.02 -0.20 ,,1.02 0.00 ,,1.94 -0.20 ,,1.02 -0.10 ,,2.10 102.40 ,,,,1.37 99.60 ,,,,,,,,,
,1.02 -0.30 ,,1.03 -0.20 ,,1.97 -0.30 ,,,,1.02 0.00 ,,,,1.37 106.30 ,,,,,,,,,
,1.02 -0.20 ,,1.03 -0.20 ,,1.99 0.00 ,,,,1.02 0.00 ,,,,0.81 0.20 ,,,,,,,,,
,1.02 -0.10 ,,1.03 0.00 ,,2.02 -0.40 ,,,,1.02 -0.10 ,,,,0.81 0.00 ,,,,,,,,,
,1.02 -0.30 ,,1.02 -0.10 ,,2.04 -0.30 ,,,,1.03 0.00 ,,,,0.81 -0.50 ,,,,,,,,,
,1.02 -0.10 ,,1.02 -0.20 ,,2.06 -0.30 ,,,,1.02 -0.30 ,,,,0.81 -0.30 ,,,,,,,,,
,1.02 0.00 ,,1.02 -0.40 ,,2.08 -0.20 ,,,,1.02 -0.40 ,,,,0.81 -0.10 ,,,,,,,,,
,1.02 0.20 ,,1.02 -0.20 ,,2.11 -0.20 ,,,,1.03 0.00 ,,,,0.81 -0.20 ,,,,,,,,,
,1.02 -0.30 ,,1.02 -0.20 ,,2.13 0.00 ,,,,1.02 -0.30 ,,,,0.81 -0.50 ,,,,,,,,,
,1.02 0.00 ,,1.02 -0.40 ,,2.16 -0.10 ,,,,1.03 -0.30 ,,,,0.82 -0.20 ,,,,,,,,,
,1.02 -0.10 ,,1.02 -0.10 ,,2.18 -0.10 ,,,,1.02 -0.10 ,,,,0.81 -0.30 ,,,,,,,,,
,1.02 0.00 ,,1.02 0.10 ,,2.20 0.00 ,,,,1.03 -0.20 ,,,,0.82 -0.30 ,,,,,,,,,
,1.02 -0.40 ,,1.02 0.10 ,,2.22 -0.30 ,,,,1.02 -0.20 ,,,,0.81 -0.10 ,,,,,,,,,
,1.02 -0.30 ,,1.02 -0.10 ,,2.24 -0.10 ,,,,1.03 -0.30 ,,,,0.82 -0.30 ,,,,,,,,,
,1.02 -0.30 ,,1.02 0.00 ,,2.27 0.10 ,,,,1.02 -0.20 ,,,,0.81 -0.20 ,,,,,,,,,
,1.03 -0.30 ,,1.02 -0.40 ,,2.29 -0.20 ,,,,1.02 -0.30 ,,,,0.81 0.00 ,,,,,,,,,
,1.02 -0.40 ,,1.02 -0.20 ,,2.32 -0.20 ,,,,1.03 0.00 ,,,,0.81 -0.50 ,,,,,,,,,
,1.02 -0.10 ,,1.02 -0.10 ,,2.34 0.20 ,,,,1.02 0.10 ,,,,0.81 -0.30 ,,,,,,,,,
,1.02 -0.30 ,,1.02 -0.40 ,,2.36 0.00 ,,,,1.03 -0.10 ,,,,0.81 -0.20 ,,,,,,,,,
,1.02 0.00 ,,1.02 0.00 ,,2.38 -0.30 ,,,,1.03 0.00 ,,,,0.81 -0.40 ,,,,,,,,,
,1.03 0.00 ,,1.02 0.00 ,,2.41 -0.20 ,,,,1.03 -0.30 ,,,,0.81 0.20 ,,,,,,,,,
,1.02 -0.30 ,,1.02 -0.10 ,,2.44 -0.10 ,,,,1.03 0.00 ,,,,0.81 -0.10 ,,,,,,,,,
,1.03 -0.10 ,,1.03 -0.40 ,,2.46 -0.10 ,,,,1.02 0.00 ,,,,0.81 0.00 ,,,,,,,,,
,1.02 -0.20 ,,1.02 -0.20 ,,2.47 0.00 ,,,,1.02 0.00 ,,,,0.81 -0.40 ,,,,,,,,,
,1.02 -0.20 ,,1.02 -0.10 ,,2.49 0.00 ,,,,1.02 -0.10 ,,,,0.81 -0.30 ,,,,,,,,,
,1.02 -0.30 ,,1.03 0.00 ,,2.50 -0.10 ,,,,1.02 0.00 ,,,,0.81 -0.30 ,,,,,,,,,
,1.02 -0.20 ,,1.02 -0.30 ,,2.52 -0.20 ,,,,1.02 -0.50 ,,,,0.81 -0.20 ,,,,,,,,,
,1.02 -0.30 ,,1.02 -0.10 ,,2.53 0.10 ,,,,1.03 -0.30 ,,,,0.81 -0.20 ,,,,,,,,,
,1.02 -0.10 ,,1.03 -0.30 ,,2.55 0.00 ,,,,1.02 -0.30 ,,,,0.81 -0.10 ,,,,,,,,,
,1.02 -0.10 ,,1.02 -0.20 ,,2.56 0.20 ,,,,1.03 -0.10 ,,,,0.82 0.00 ,,,,,,,,,
,1.02 -0.20 ,,1.02 -0.20 ,,2.58 0.10 ,,,,1.02 -0.20 ,,,,0.81 -0.20 ,,,,,,,,,
,1.02 0.10 ,,1.03 -0.30 ,,2.58 0.30 ,,,,1.02 -0.40 ,,,,0.81 0.00 ,,,,,,,,,
,1.02 -0.10 ,,1.02 -0.10 ,,2.60 0.60 ,,,,1.02 -0.20 ,,,,0.82 -0.30 ,,,,,,,,,
,1.03 -0.30 ,,1.02 -0.30 ,,2.62 0.90 ,,,,1.02 -0.10 ,,,,0.81 0.10 ,,,,,,,,,
,1.03 -0.20 ,,1.02 -0.40 ,,2.64 1.00 ,,,,1.02 0.00 ,,,,0.81 -0.20 ,,,,,,,,,
,1.04 -0.20 ,,1.02 -0.20 ,,2.65 1.10 ,,,,1.02 -0.20 ,,,,0.82 -0.10 ,,,,,,,,,
,1.05 -0.30 ,,1.02 -0.10 ,,2.67 1.70 ,,,,1.02 -0.10 ,,,,0.82 -0.40 ,,,,,,,,,
,1.06 -0.10 ,,1.02 -0.10 ,,2.69 2.30 ,,,,1.02 0.00 ,,,,0.81 -0.10 ,,,,,,,,,
,1.07 0.00 ,,1.02 -0.30 ,,2.70 2.70 ,,,,1.03 -0.10 ,,,,0.81 -0.40 ,,,,,,,,,
,1.09 -0.40 ,,1.02 -0.40 ,,2.72 3.40 ,,,,1.02 -0.30 ,,,,0.81 0.00 ,,,,,,,,,
,1.11 -0.20 ,,1.02 -0.10 ,,2.74 4.10 ,,,,1.03 -0.20 ,,,,0.81 -0.10 ,,,,,,,,,
,1.13 -0.30 ,,1.02 0.00 ,,2.76 4.70 ,,,,1.02 -0.20 ,,,,0.81 0.00 ,,,,,,,,,
,1.14 -0.20 ,,1.02 -0.10 ,,2.78 5.60 ,,,,1.02 -0.10 ,,,,0.81 -0.30 ,,,,,,,,,
,1.16 0.10 ,,1.02 -0.20 ,,2.79 6.10 ,,,,1.02 0.00 ,,,,0.81 -0.40 ,,,,,,,,,
,1.18 0.00 ,,1.02 -0.40 ,,2.81 7.10 ,,,,1.03 -0.30 ,,,,0.81 -0.10 ,,,,,,,,,
,1.20 -0.10 ,,1.02 -0.30 ,,2.83 7.90 ,,,,1.02 -0.40 ,,,,0.81 0.00 ,,,,,,,,,
,1.23 0.00 ,,1.02 -0.30 ,,2.85 8.40 ,,,,1.02 -0.20 ,,,,0.81 0.00 ,,,,,,,,,
,1.25 -0.50 ,,1.03 -0.40 ,,2.86 9.60 ,,,,1.02 -0.20 ,,,,0.81 -0.30 ,,,,,,,,,
,1.27 0.00 ,,1.02 -0.10 ,,2.89 10.80 ,,,,1.03 -0.10 ,,,,0.81 -0.10 ,,,,,,,,,
,1.30 -0.10 ,,1.02 0.00 ,,2.90 11.70 ,,,,1.03 -0.20 ,,,,0.81 -0.10 ,,,,,,,,,
,1.31 -0.30 ,,1.02 -0.30 ,,2.92 12.70 ,,,,1.02 -0.10 ,,,,0.81 -0.30 ,,,,,,,,,
,1.34 -0.20 ,,1.02 -0.20 ,,2.94 13.50 ,,,,1.02 0.10 ,,,,0.81 0.00 ,,,,,,,,,
,1.36 -0.40 ,,1.03 -0.10 ,,2.96 14.50 ,,,,1.02 -0.30 ,,,,0.81 -0.20 ,,,,,,,,,
,1.38 -0.20 ,,1.03 -0.30 ,,2.98 16.00 ,,,,1.02 -0.30 ,,,,0.81 -0.30 ,,,,,,,,,
,1.41 -0.40 ,,1.03 -0.10 ,,3.00 16.80 ,,,,1.03 -0.40 ,,,,0.81 -0.10 ,,,,,,,,,
,1.43 0.00 ,,1.04 0.00 ,,3.01 18.20 ,,,,1.02 -0.20 ,,,,0.81 0.00 ,,,,,,,,,
,1.46 -0.10 ,,1.05 -0.40 ,,3.04 19.20 ,,,,,,,,0.82 -0.10 ,,,,,,,,,
,1.48 -0.10 ,,1.06 0.00 ,,3.05 20.40 ,,,,,,,,0.82 0.00 ,,,,,,,,,
,1.50 -0.30 ,,1.07 -0.10 ,,3.07 21.60 ,,,,,,,,0.82 -0.40 ,,,,,,,,,
,1.53 0.00 ,,1.09 -0.30 ,,3.09 22.90 ,,,,,,,,0.83 -0.30 ,,,,,,,,,
,1.55 -0.10 ,,1.11 0.00 ,,3.11 24.50 ,,,,,,,,0.84 -0.20 ,,,,,,,,,
,1.58 0.00 ,,1.13 -0.40 ,,3.13 25.60 ,,,,,,,,0.85 -0.20 ,,,,,,,,,
,1.60 0.00 ,,1.14 -0.50 ,,3.14 27.00 ,,,,,,,,0.86 0.00 ,,,,,,,,,
,1.62 -0.30 ,,1.16 -0.20 ,,3.16 28.20 ,,,,,,,,0.88 0.00 ,,,,,,,,,
,1.64 -0.10 ,,1.18 -0.30 ,,3.18 29.40 ,,,,,,,,0.90 -0.10 ,,,,,,,,,
,1.67 0.00 ,,1.20 -0.30 ,,3.20 31.20 ,,,,,,,,0.90 -0.20 ,,,,,,,,,
,1.69 -0.10 ,,1.22 -0.10 ,,3.22 32.30 ,,,,,,,,0.93 0.00 ,,,,,,,,,
,1.72 -0.30 ,,1.25 -0.30 ,,3.24 34.60 ,,,,,,,,0.94 -0.30 ,,,,,,,,,
,1.74 0.00 ,,1.28 0.00 ,,3.26 35.70 ,,,,,,,,0.95 0.10 ,,,,,,,,,
,1.76 -0.30 ,,1.29 0.00 ,,3.28 37.20 ,,,,,,,,0.97 0.10 ,,,,,,,,,
,1.79 -0.10 ,,1.32 -0.10 ,,3.29 38.80 ,,,,,,,,0.98 0.10 ,,,,,,,,,
,1.80 -0.10 ,,1.33 -0.30 ,,3.31 40.20 ,,,,,,,,1.00 -0.30 ,,,,,,,,,
,1.84 -0.10 ,,1.36 -0.40 ,,3.33 42.40 ,,,,,,,,1.02 0.00 ,,,,,,,,,
,1.86 -0.40 ,,1.38 -0.20 ,,3.35 43.70 ,,,,,,,,1.03 0.10 ,,,,,,,,,
,1.88 -0.10 ,,1.41 -0.20 ,,3.36 45.40 ,,,,,,,,1.04 0.20 ,,,,,,,,,
,1.90 0.00 ,,1.43 0.00 ,,3.38 47.10 ,,,,,,,,1.06 0.20 ,,,,,,,,,
,1.92 -0.30 ,,1.45 -0.40 ,,3.40 48.90 ,,,,,,,,1.08 0.60 ,,,,,,,,,
,1.95 -0.50 ,,1.48 0.00 ,,3.41 50.50 ,,,,,,,,1.09 0.70 ,,,,,,,,,
,1.97 0.00 ,,1.50 -0.30 ,,3.42 52.80 ,,,,,,,,1.11 1.30 ,,,,,,,,,
,2.00 -0.40 ,,1.52 -0.10 ,,3.45 54.50 ,,,,,,,,1.12 2.10 ,,,,,,,,,
,2.02 -0.20 ,,1.54 -0.30 ,,3.46 56.00 ,,,,,,,,1.14 2.80 ,,,,,,,,,
,2.04 -0.40 ,,1.57 0.00 ,,3.48 58.60 ,,,,,,,,1.15 3.80 ,,,,,,,,,
,2.06 -0.10 ,,1.59 -0.30 ,,3.50 60.10 ,,,,,,,,1.16 4.90 ,,,,,,,,,
,2.08 -0.20 ,,1.60 -0.30 ,,3.51 61.80 ,,,,,,,,1.18 7.10 ,,,,,,,,,
,2.11 -0.10 ,,1.62 -0.30 ,,3.53 64.20 ,,,,,,,,1.19 9.30 ,,,,,,,,,
,2.14 -0.20 ,,1.64 -0.30 ,,3.54 66.30 ,,,,,,,,1.20 12.30 ,,,,,,,,,
,2.16 -0.10 ,,1.66 -0.10 ,,3.56 68.60 ,,,,,,,,1.21 15.40 ,,,,,,,,,
,2.18 -0.10 ,,1.68 0.20 ,,3.58 70.70 ,,,,,,,,1.22 19.10 ,,,,,,,,,
,2.21 -0.20 ,,1.70 -0.20 ,,3.60 72.90 ,,,,,,,,1.24 22.00 ,,,,,,,,,
,2.23 -0.10 ,,1.71 -0.30 ,,3.60 74.30 ,,,,,,,,1.24 27.50 ,,,,,,,,,
,2.25 -0.10 ,,1.72 -0.30 ,,3.63 77.20 ,,,,,,,,1.26 33.20 ,,,,,,,,,
,2.28 0.20 ,,1.74 0.20 ,,3.64 79.00 ,,,,,,,,1.27 38.30 ,,,,,,,,,
,2.30 -0.10 ,,1.76 0.20 ,,3.66 81.80 ,,,,,,,,1.28 44.50 ,,,,,,,,,
,2.33 -0.30 ,,1.77 0.10 ,,3.68 84.20 ,,,,,,,,1.29 49.50 ,,,,,,,,,
,2.35 0.10 ,,1.79 0.10 ,,3.69 86.10 ,,,,,,,,1.30 55.30 ,,,,,,,,,
,2.37 -0.40 ,,1.80 0.50 ,,3.70 87.50 ,,,,,,,,1.30 61.00 ,,,,,,,,,
,2.39 -0.30 ,,1.82 0.60 ,,3.70 87.70 ,,,,,,,,1.32 68.10 ,,,,,,,,,
,2.42 0.10 ,,1.84 0.80 ,,3.70 88.00 ,,,,,,,,1.33 74.70 ,,,,,,,,,
,2.44 -0.10 ,,1.85 1.10 ,,3.70 87.40 ,,,,,,,,1.34 81.50 ,,,,,,,,,
,2.47 -0.30 ,,1.87 1.10 ,,1.03 -0.30 ,,,,,,,,1.35 87.50 ,,,,,,,,,
,2.49 0.10 ,,1.90 1.50 ,,1.02 -0.30 ,,,,,,,,1.35 93.00 ,,,,,,,,,
,2.52 -0.30 ,,1.90 1.80 ,,1.02 -0.20 ,,,,,,,,1.36 99.80 ,,,,,,,,,
,2.54 -0.10 ,,1.92 2.40 ,,1.02 0.00 ,,,,,,,,1.37 106.40 ,,,,,,,,,
,2.56 0.00 ,,1.94 2.70 ,,1.03 -0.40 ,,,,,,,,0.81 -0.30 ,,,,,,,,,
,2.58 0.10 ,,1.96 3.50 ,,1.03 -0.20 ,,,,,,,,0.81 -0.30 ,,,,,,,,,
,2.60 0.00 ,,1.98 4.20 ,,1.02 0.00 ,,,,,,,,0.81 -0.10 ,,,,,,,,,
,2.63 -0.10 ,,2.00 4.90 ,,1.03 -0.20 ,,,,,,,,0.81 -0.30 ,,,,,,,,,
,2.65 0.00 ,,2.01 5.90 ,,1.02 -0.30 ,,,,,,,,0.81 -0.30 ,,,,,,,,,
,2.67 -0.20 ,,2.03 6.90 ,,1.03 -0.20 ,,,,,,,,0.81 0.00 ,,,,,,,,,
,2.69 -0.30 ,,2.05 7.90 ,,1.02 0.00 ,,,,,,,,0.81 -0.30 ,,,,,,,,,
,2.71 -0.30 ,,2.06 9.10 ,,1.02 0.00 ,,,,,,,,0.81 -0.30 ,,,,,,,,,
,2.74 0.00 ,,2.08 10.50 ,,1.02 -0.20 ,,,,,,,,0.81 0.00 ,,,,,,,,,
,2.76 0.00 ,,2.10 12.10 ,,1.02 -,,,,,,,,0.81 -0.40 ,,,,,,,,,
,2.78 -0.40 ,,2.12 13.50 ,,,,,,,,,,0.81 0.00 ,,,,,,,,,
,2.80 0.00 ,,2.13 15.70 ,,,,,,,,,,0.81 0.00 ,,,,,,,,,
,2.81 0.10 ,,2.14 17.10 ,,,,,,,,,,0.81 -0.20 ,,,,,,,,,
,2.83 0.00 ,,2.17 19.00 ,,,,,,,,,,0.81 0.10 ,,,,,,,,,
,2.84 -0.10 ,,2.18 21.50 ,,,,,,,,,,0.81 -0.30 ,,,,,,,,,
,2.86 0.10 ,,2.20 23.70 ,,,,,,,,,,0.81 -0.40 ,,,,,,,,,
,2.88 0.20 ,,2.22 26.50 ,,,,,,,,,,0.81 0.10 ,,,,,,,,,
,2.89 0.20 ,,2.24 29.20 ,,,,,,,,,,0.81 -0.10 ,,,,,,,,,
,2.90 0.40 ,,2.24 31.80 ,,,,,,,,,,0.81 -0.20 ,,,,,,,,,
,2.92 0.30 ,,2.26 34.20 ,,,,,,,,,,0.81 -0.50 ,,,,,,,,,
,2.94 0.80 ,,2.28 37.50 ,,,,,,,,,,0.81 -0.30 ,,,,,,,,,
,2.95 0.70 ,,2.29 40.30 ,,,,,,,,,,0.81 0.00 ,,,,,,,,,
,2.97 1.30 ,,2.31 44.00 ,,,,,,,,,,0.81 -0.30 ,,,,,,,,,
,2.98 1.60 ,,2.32 46.90 ,,,,,,,,,,0.81 -0.10 ,,,,,,,,,
,3.00 2.20 ,,2.34 50.70 ,,,,,,,,,,0.81 -0.30 ,,,,,,,,,
,3.01 2.90 ,,2.35 54.20 ,,,,,,,,,,0.81 -0.10 ,,,,,,,,,
,3.02 3.60 ,,2.36 56.70 ,,,,,,,,,,0.81 -0.10 ,,,,,,,,,
,3.05 4.30 ,,2.38 61.70 ,,,,,,,,,,0.81 -0.30 ,,,,,,,,,
,3.06 5.30 ,,2.39 65.20 ,,,,,,,,,,0.81 -0.30 ,,,,,,,,,
,3.08 6.10 ,,2.41 69.50 ,,,,,,,,,,0.82 -0.40 ,,,,,,,,,
,3.10 7.20 ,,2.42 73.30 ,,,,,,,,,,0.81 0.00 ,,,,,,,,,
,3.12 8.20 ,,2.43 77.50 ,,,,,,,,,,0.81 -0.40 ,,,,,,,,,
,3.13 9.50 ,,2.44 81.00 ,,,,,,,,,,0.81 0.10 ,,,,,,,,,
,3.15 10.80 ,,2.45 85.70 ,,,,,,,,,,0.81 0.00 ,,,,,,,,,
,3.17 12.60 ,,2.46 90.80 ,,,,,,,,,,0.81 0.00 ,,,,,,,,,
,3.18 13.80 ,,2.46 95.00 ,,,,,,,,,,0.82 -0.10 ,,,,,,,,,
,3.20 15.00 ,,2.49 100.20 ,,,,,,,,,,0.81 0.10 ,,,,,,,,,
,3.22 16.00 ,,1.02 -0.40 ,,,,,,,,,,0.81 -0.10 ,,,,,,,,,
,3.23 18.20 ,,1.02 -0.20 ,,,,,,,,,,0.82 -0.50 ,,,,,,,,,
,3.25 19.60 ,,1.02 -0.10 ,,,,,,,,,,0.81 -0.30 ,,,,,,,,,
,3.27 21.70 ,,1.02 -0.20 ,,,,,,,,,,0.81 -0.30 ,,,,,,,,,
,3.29 23.80 ,,1.02 0.00 ,,,,,,,,,,0.82 -0.40 ,,,,,,,,,
,3.30 25.00 ,,1.02 0.00 ,,,,,,,,,,0.81 0.10 ,,,,,,,,,
,3.32 26.70 ,,1.03 -0.10 ,,,,,,,,,,0.82 0.10 ,,,,,,,,,
,3.34 28.80 ,,1.02 -0.40 ,,,,,,,,,,0.81 -0.40 ,,,,,,,,,
,3.36 30.70 ,,1.02 -0.30 ,,,,,,,,,,0.81 -0.10 ,,,,,,,,,
,3.37 32.80 ,,1.02 -0.10 ,,,,,,,,,,0.81 -0.20 ,,,,,,,,,
,3.40 34.90 ,,1.02 -0.10 ,,,,,,,,,,0.81 -0.20 ,,,,,,,,,
,3.41 36.90 ,,1.02 -0.10 ,,,,,,,,,,0.81 -0.10 ,,,,,,,,,
,3.42 38.40 ,,1.02 0.00 ,,,,,,,,,,0.81 -0.10 ,,,,,,,,,
,3.44 40.40 ,,1.02 -0.10 ,,,,,,,,,,0.81 -0.10 ,,,,,,,,,
,3.46 42.10 ,,1.02 -0.10 ,,,,,,,,,,0.81 -0.30 ,,,,,,,,,
,3.48 44.80 ,,1.02 -0.10 ,,,,,,,,,,0.82 -0.10 ,,,,,,,,,
,3.50 46.80 ,,1.02 0.10 ,,,,,,,,,,0.81 -0.40 ,,,,,,,,,
,3.51 48.70 ,,1.02 -0.10 ,,,,,,,,,,0.81 -0.40 ,,,,,,,,,
,3.52 50.50 ,,1.03 0.00 ,,,,,,,,,,0.82 -0.10 ,,,,,,,,,
,3.54 52.70 ,,1.02 -0.20 ,,,,,,,,,,0.82 -0.40 ,,,,,,,,,
,3.56 54.20 ,,1.02 -0.10 ,,,,,,,,,,0.83 -0.30 ,,,,,,,,,
,3.58 57.00 ,,1.02 -0.10 ,,,,,,,,,,0.84 -0.10 ,,,,,,,,,
,3.60 59.80 ,,1.02 -0.40 ,,,,,,,,,,0.85 -0.30 ,,,,,,,,,
,3.61 61.30 ,,1.02 -0.30 ,,,,,,,,,,0.86 -0.20 ,,,,,,,,,
,3.63 64.00 ,,1.02 -0.20 ,,,,,,,,,,0.88 0.00 ,,,,,,,,,
,3.64 65.70 ,,1.02 -0.10 ,,,,,,,,,,0.89 -0.10 ,,,,,,,,,
,3.66 67.70 ,,1.02 0.00 ,,,,,,,,,,0.91 -0.30 ,,,,,,,,,
,3.68 70.70 ,,1.03 -0.10 ,,,,,,,,,,0.92 -0.10 ,,,,,,,,,
,3.69 73.10 ,,1.02 -0.10 ,,,,,,,,,,0.94 -0.10 ,,,,,,,,,
,3.71 75.20 ,,1.03 -0.10 ,,,,,,,,,,0.95 0.00 ,,,,,,,,,
,3.73 77.60 ,,1.02 -0.10 ,,,,,,,,,,0.97 -0.30 ,,,,,,,,,
,3.74 79.70 ,,1.03 -0.40 ,,,,,,,,,,0.98 -0.30 ,,,,,,,,,
,3.76 81.80 ,,1.03 -0.10 ,,,,,,,,,,1.00 -0.10 ,,,,,,,,,
,3.76 82.20 ,,1.02 -0.10 ,,,,,,,,,,1.02 0.10 ,,,,,,,,,
,3.76 82.10 ,,1.03 -0.20 ,,,,,,,,,,1.03 0.20 ,,,,,,,,,
,3.76 82.30 ,,1.02 -0.20 ,,,,,,,,,,1.04 0.30 ,,,,,,,,,
,1.02,-0.20,1.03 -0.10 ,,,,,,,,,,1.06 0.40 ,,,,,,,,,
,1.02,0.00,1.02 0.00 ,,,,,,,,,,1.08 0.50 ,,,,,,,,,
,1.03,0.00,1.02 -0.20 ,,,,,,,,,,1.09 0.80 ,,,,,,,,,
,1.02,0.00,1.02 -0.20 ,,,,,,,,,,1.11 1.30 ,,,,,,,,,
,1.02,-0.20,1.02 -0.30 ,,,,,,,,,,1.12 2.10 ,,,,,,,,,
,1.02,-0.30,1.02 -0.10 ,,,,,,,,,,1.14 3.00 ,,,,,,,,,
,1.02,-0.20,1.02 0.00 ,,,,,,,,,,1.15 3.90 ,,,,,,,,,
,1.02,-0.20,1.02 -0.30 ,,,,,,,,,,1.16 5.00 ,,,,,,,,,
,1.02,0.00,1.02 0.00 ,,,,,,,,,,1.18 7.10 ,,,,,,,,,
,1.03,-0.20,1.03 -0.30 ,,,,,,,,,,1.19 9.30 ,,,,,,,,,
,1.03,-0.40,1.03 -0.10 ,,,,,,,,,,1.20 12.30 ,,,,,,,,,
,1.02,-0.30,1.02 -0.30 ,,,,,,,,,,1.21 15.70 ,,,,,,,,,
,1.02,-0.30,1.02 -0.10 ,,,,,,,,,,1.22 18.90 ,,,,,,,,,
,1.02,-0.10,1.02 -0.10 ,,,,,,,,,,1.23 22.70 ,,,,,,,,,
,1.02,-0.30,1.02 0.00 ,,,,,,,,,,1.25 27.70 ,,,,,,,,,
,1.02,-0.30,1.02 -0.10 ,,,,,,,,,,1.26 33.10 ,,,,,,,,,
,1.02,-0.20,1.02 -0.30 ,,,,,,,,,,1.27 38.20 ,,,,,,,,,
,1.02,-0.40,1.02 -0.30 ,,,,,,,,,,1.28 44.60 ,,,,,,,,,
,1.02,0.00,1.02 -0.20 ,,,,,,,,,,1.29 49.60 ,,,,,,,,,
,1.02,-0.20,1.02 -0.10 ,,,,,,,,,,1.30 54.70 ,,,,,,,,,
,1.02,-0.40,1.02 -0.30 ,,,,,,,,,,1.31 61.40 ,,,,,,,,,
,1.02,0.00,1.03 -0.10 ,,,,,,,,,,1.32 67.70 ,,,,,,,,,
,1.02,-0.40,1.02 -0.10 ,,,,,,,,,,1.33 74.90 ,,,,,,,,,
,1.02,-0.10,1.03 -0.10 ,,,,,,,,,,1.34 81.70 ,,,,,,,,,
,1.02,-0.10,1.02 -0.40 ,,,,,,,,,,1.35 87.50 ,,,,,,,,,
,1.02,0.00,1.03 -0.30 ,,,,,,,,,,1.35 92.30 ,,,,,,,,,
,1.02,-0.40,1.03 -0.10 ,,,,,,,,,,1.36 99.60 ,,,,,,,,,
,1.03,-0.40,1.03 -0.50 ,,,,,,,,,,1.37 106.80 ,,,,,,,,,
,1.02,0.10,1.04 -0.40 ,,,,,,,,,,0.81 -0.20 ,,,,,,,,,
,1.02,-0.20,1.04 -0.30 ,,,,,,,,,,0.81 -0.30 ,,,,,,,,,
,1.02,-0.20,1.06 0.00 ,,,,,,,,,,0.81 -0.40 ,,,,,,,,,
,1.02,-0.20,1.07 -0.10 ,,,,,,,,,,0.81 -0.30 ,,,,,,,,,
,1.02,0.00,1.09 -0.20 ,,,,,,,,,,0.81 -0.40 ,,,,,,,,,
,1.02,0.00,1.11 -0.20 ,,,,,,,,,,0.81 0.10 ,,,,,,,,,
,1.02,-0.20,1.12 -0.20 ,,,,,,,,,,0.81 -0.20 ,,,,,,,,,
,1.02,0.00,1.14 0.00 ,,,,,,,,,,0.81 -0.20 ,,,,,,,,,
,1.02,-0.10,1.16 -0.40 ,,,,,,,,,,0.81 -0.30 ,,,,,,,,,
,1.02,-0.30,1.18 -0.30 ,,,,,,,,,,0.81 -0.30 ,,,,,,,,,
,1.03,-0.20,1.20 -0.10 ,,,,,,,,,,0.81 0.00 ,,,,,,,,,
,1.02,-0.30,1.22 -0.20 ,,,,,,,,,,0.81 -0.50 ,,,,,,,,,
,1.02,-0.10,1.25 -0.10 ,,,,,,,,,,0.81 -0.30 ,,,,,,,,,
,1.02,-0.30,1.27 0.00 ,,,,,,,,,,0.81 -0.10 ,,,,,,,,,
,1.02,-0.40,1.29 -0.10 ,,,,,,,,,,0.81 0.00 ,,,,,,,,,
,1.02,0.10,1.31 -0.10 ,,,,,,,,,,0.81 -0.40 ,,,,,,,,,
,1.02,-0.20,1.33 -0.10 ,,,,,,,,,,0.81 0.00 ,,,,,,,,,
,1.02,-0.30,1.36 -0.10 ,,,,,,,,,,0.81 -0.40 ,,,,,,,,,
,1.02,-0.30,1.38 0.00 ,,,,,,,,,,0.82 -0.30 ,,,,,,,,,
,1.02,0.00,1.40 -0.10 ,,,,,,,,,,0.81 -0.10 ,,,,,,,,,
,1.02,-0.30,1.42 -0.30 ,,,,,,,,,,0.81 -0.20 ,,,,,,,,,
,1.02,0.00,1.44 0.00 ,,,,,,,,,,0.82 0.00 ,,,,,,,,,
,1.02,-0.30,1.47 -0.30 ,,,,,,,,,,0.81 -0.20 ,,,,,,,,,
,1.02,0.10,1.49 -0.30 ,,,,,,,,,,0.81 -0.20 ,,,,,,,,,
,1.02,-0.10,1.52 0.00 ,,,,,,,,,,0.81 -0.10 ,,,,,,,,,
,1.02,-0.10,1.54 -0.10 ,,,,,,,,,,0.81 -0.10 ,,,,,,,,,
,1.02,-0.30,1.56 -0.50 ,,,,,,,,,,0.82 0.10 ,,,,,,,,,
,1.02,-0.10,1.58 0.00 ,,,,,,,,,,0.81 0.00 ,,,,,,,,,
,1.02,0.10,1.60 -0.30 ,,,,,,,,,,0.81 0.00 ,,,,,,,,,
,1.02,-0.30,1.62 0.00 ,,,,,,,,,,0.81 -0.30 ,,,,,,,,,
,1.02,-0.10,1.64 -0.20 ,,,,,,,,,,0.81 0.10 ,,,,,,,,,
,1.02,-0.20,1.66 -0.10 ,,,,,,,,,,0.82 0.00 ,,,,,,,,,
,1.03,-0.30,1.68 0.00 ,,,,,,,,,,0.81 0.10 ,,,,,,,,,
,1.02,-0.10,1.69 -0.10 ,,,,,,,,,,0.81 -0.30 ,,,,,,,,,
,1.03,-0.10,1.70 -0.10 ,,,,,,,,,,0.81 0.00 ,,,,,,,,,
,1.03,-0.10,1.72 0.10 ,,,,,,,,,,0.81 -0.10 ,,,,,,,,,
,1.04,-0.30,1.74 0.10 ,,,,,,,,,,0.81 -0.30 ,,,,,,,,,
,1.05,-0.20,1.75 -0.10 ,,,,,,,,,,0.81 -0.30 ,,,,,,,,,
,1.06,-0.20,1.77 0.10 ,,,,,,,,,,0.82 -0.10 ,,,,,,,,,
,1.07,-0.30,1.79 0.30 ,,,,,,,,,,0.81 -0.10 ,,,,,,,,,
,1.08,-0.10,1.80 0.30 ,,,,,,,,,,0.82 0.00 ,,,,,,,,,
,1.11,0.00,1.82 0.30 ,,,,,,,,,,0.81 -0.10 ,,,,,,,,,
,1.12,-0.30,1.83 0.50 ,,,,,,,,,,0.81 -0.10 ,,,,,,,,,
,1.14,-0.10,1.85 0.90 ,,,,,,,,,,0.81 0.00 ,,,,,,,,,
,1.16,-0.10,1.87 1.20 ,,,,,,,,,,0.82 -0.40 ,,,,,,,,,
,1.18,-0.40,1.89 1.20 ,,,,,,,,,,0.81 0.10 ,,,,,,,,,
,1.20,0.00,1.90 1.80 ,,,,,,,,,,0.81 -0.20 ,,,,,,,,,
,1.22,-0.10,1.92 2.20 ,,,,,,,,,,0.82 0.00 ,,,,,,,,,
,1.25,0.00,1.93 2.70 ,,,,,,,,,,0.82 -0.30 ,,,,,,,,,
,1.27,0.10,1.95 3.20 ,,,,,,,,,,0.82 -0.30 ,,,,,,,,,
,1.30,-0.20,1.97 4.00 ,,,,,,,,,,0.81 0.10 ,,,,,,,,,
,1.32,-0.10,1.99 4.60 ,,,,,,,,,,0.81 -0.30 ,,,,,,,,,
,1.34,-0.10,2.01 5.80 ,,,,,,,,,,0.82 0.00 ,,,,,,,,,
,1.36,0.00,2.02 6.50 ,,,,,,,,,,0.81 -0.30 ,,,,,,,,,
,1.38,-0.20,2.04 7.50 ,,,,,,,,,,0.81 0.00 ,,,,,,,,,
,1.41,-0.10,2.06 8.70 ,,,,,,,,,,0.82 -0.10 ,,,,,,,,,
,1.43,0.10,2.08 10.50 ,,,,,,,,,,0.82 0.00 ,,,,,,,,,
,1.45,-0.40,2.10 11.80 ,,,,,,,,,,0.83 -0.10 ,,,,,,,,,
,1.47,-0.10,2.11 13.30 ,,,,,,,,,,0.84 -0.20 ,,,,,,,,,
,1.50,-0.10,,,,,,,,,,,0.85 -0.30 ,,,,,,,,,
,1.52,-0.20,,,,,,,,,,,0.86 0.00 ,,,,,,,,,
,1.54,0.00,,,,,,,,,,,0.88 -0.40 ,,,,,,,,,
,1.57,-0.10,,,,,,,,,,,0.89 -0.20 ,,,,,,,,,
,1.59,0.00,,,,,,,,,,,0.91 -0.10 ,,,,,,,,,
,1.61,0.10,,,,,,,,,,,0.92 -0.20 ,,,,,,,,,
,1.64,-0.30,,,,,,,,,,,0.94 0.00 ,,,,,,,,,
,1.66,0.00,,,,,,,,,,,0.95 -0.10 ,,,,,,,,,
,1.68,-0.20,,,,,,,,,,,0.97 -0.20 ,,,,,,,,,
,1.71,0.10,,,,,,,,,,,0.98 0.20 ,,,,,,,,,
,1.73,0.10,,,,,,,,,,,1.00 -0.10 ,,,,,,,,,
,1.75,-0.30,,,,,,,,,,,1.02 0.00 ,,,,,,,,,
,1.78,-0.30,,,,,,,,,,,1.03 0.00 ,,,,,,,,,
,1.80,0.00,,,,,,,,,,,1.05 0.40 ,,,,,,,,,
,1.83,-0.10,,,,,,,,,,,1.06 0.50 ,,,,,,,,,
,1.85,-0.30,,,,,,,,,,,1.07 0.40 ,,,,,,,,,
,1.88,-0.20,,,,,,,,,,,1.09 0.80 ,,,,,,,,,
,1.90,-0.30,,,,,,,,,,,,,,,,,,,,
,1.92,-0.30,,,,,,,,,,,,,,,,,,,,
,1.94,-0.10,,,,,,,,,,,,,,,,,,,,
,1.97,-0.40,,,,,,,,,,,,,,,,,,,,
,2.00,-0.40,,,,,,,,,,,,,,,,,,,,
,2.02,-0.30,,,,,,,,,,,,,,,,,,,,
,2.04,-0.30,,,,,,,,,,,,,,,,,,,,
,2.06,0.00,,,,,,,,,,,,,,,,,,,,
,2.08,0.00,,,,,,,,,,,,,,,,,,,,
,2.11,-0.10,,,,,,,,,,,,,,,,,,,,
,2.13,0.10,,,,,,,,,,,,,,,,,,,,
,2.16,0.10,,,,,,,,,,,,,,,,,,,,
,2.18,-0.40,,,,,,,,,,,,,,,,,,,,
,2.20,-0.30,,,,,,,,,,,,,,,,,,,,
,2.22,-0.30,,,,,,,,,,,,,,,,,,,,
,2.24,0.20,,,,,,,,,,,,,,,,,,,,
,2.27,-0.10,,,,,,,,,,,,,,,,,,,,
,2.30,-0.10,,,,,,,,,,,,,,,,,,,,
,2.32,-0.30,,,,,,,,,,,,,,,,,,,,
,2.34,-0.30,,,,,,,,,,,,,,,,,,,,
,2.36,-0.10,,,,,,,,,,,,,,,,,,,,
,2.39,-0.30,,,,,,,,,,,,,,,,,,,,
,2.41,0.10,,,,,,,,,,,,,,,,,,,,
,2.44,0.00,,,,,,,,,,,,,,,,,,,,
,2.46,0.00,,,,,,,,,,,,,,,,,,,,
,2.49,-0.30,,,,,,,,,,,,,,,,,,,,
,2.51,-0.30,,,,,,,,,,,,,,,,,,,,
,2.53,-0.10,,,,,,,,,,,,,,,,,,,,
,2.55,0.00,,,,,,,,,,,,,,,,,,,,
,2.58,0.00,,,,,,,,,,,,,,,,,,,,
,2.60,-0.30,,,,,,,,,,,,,,,,,,,,
,2.62,-0.10,,,,,,,,,,,,,,,,,,,,
,2.64,-0.30,,,,,,,,,,,,,,,,,,,,
,2.66,0.00,,,,,,,,,,,,,,,,,,,,
,2.69,-0.20,,,,,,,,,,,,,,,,,,,,
,2.71,-0.10,,,,,,,,,,,,,,,,,,,,
,2.73,-0.20,,,,,,,,,,,,,,,,,,,,
,2.75,-0.10,,,,,,,,,,,,,,,,,,,,
,2.77,-0.10,,,,,,,,,,,,,,,,,,,,
,2.79,-0.20,,,,,,,,,,,,,,,,,,,,
,2.80,-0.30,,,,,,,,,,,,,,,,,,,,
,2.82,0.00,,,,,,,,,,,,,,,,,,,,
,2.84,-0.20,,,,,,,,,,,,,,,,,,,,
,2.86,0.10,,,,,,,,,,,,,,,,,,,,
,2.87,0.00,,,,,,,,,,,,,,,,,,,,
,2.88,0.00,,,,,,,,,,,,,,,,,,,,
,2.90,0.20,,,,,,,,,,,,,,,,,,,,
,2.91,0.40,,,,,,,,,,,,,,,,,,,,
,2.93,0.40,,,,,,,,,,,,,,,,,,,,
,2.94,0.70,,,,,,,,,,,,,,,,,,,,
,2.96,1.40,,,,,,,,,,,,,,,,,,,,
,2.98,1.40,,,,,,,,,,,,,,,,,,,,
,2.99,2.20,,,,,,,,,,,,,,,,,,,,
,3.01,2.80,,,,,,,,,,,,,,,,,,,,
,3.02,3.20,,,,,,,,,,,,,,,,,,,,
,3.05,4.20,,,,,,,,,,,,,,,,,,,,
,3.06,4.80,,,,,,,,,,,,,,,,,,,,
,3.08,5.80,,,,,,,,,,,,,,,,,,,,
,3.09,6.70,,,,,,,,,,,,,,,,,,,,
,3.11,7.80,,,,,,,,,,,,,,,,,,,,
,3.12,9.20,,,,,,,,,,,,,,,,,,,,
,3.15,10.50,,,,,,,,,,,,,,,,,,,,
,3.16,12.00,,,,,,,,,,,,,,,,,,,,
,3.18,13.10,,,,,,,,,,,,,,,,,,,,
,3.20,14.60,,,,,,,,,,,,,,,,,,,,
,3.21,16.00,,,,,,,,,,,,,,,,,,,,
,3.23,17.80,,,,,,,,,,,,,,,,,,,,
,3.25,19.00,,,,,,,,,,,,,,,,,,,,
,3.26,21.20,,,,,,,,,,,,,,,,,,,,
,3.28,22.80,,,,,,,,,,,,,,,,,,,,
,3.30,24.30,,,,,,,,,,,,,,,,,,,,
,3.32,26.20,,,,,,,,,,,,,,,,,,,,
,3.33,28.00,,,,,,,,,,,,,,,,,,,,
,3.35,29.80,,,,,,,,,,,,,,,,,,,,
,3.37,31.90,,,,,,,,,,,,,,,,,,,,
,3.38,33.90,,,,,,,,,,,,,,,,,,,,
,3.40,35.80,,,,,,,,,,,,,,,,,,,,
,3.42,37.70,,,,,,,,,,,,,,,,,,,,
,3.44,39.80,,,,,,,,,,,,,,,,,,,,
,3.45,41.50,,,,,,,,,,,,,violet,,,,,,,
,3.48,43.60,,,,,,,,,,,,,1.02 0.00 ,,,,,,,
,3.49,45.60,,,,,,,,,,,,,1.02 -0.20 ,,,,,,,
,3.51,48.10,,,,,,,,,,,,,1.02 -0.30 ,,,,,,,
,3.52,50.00,,,,,,,,,,,,,1.02 -0.20 ,,,,,,,
,3.54,51.90,,,,,,,,,,,,,1.02 -0.20 ,,,,,,,
,3.56,54.20,,,,,,,,,,,,,1.02 0.00 ,,,,,,,
,3.57,55.80,,,,,,,,,,,,,1.03 -0.20 ,,,,,,,
,3.59,58.80,,,,,,,,,,,,,1.03 -0.40 ,,,,,,,
,3.61,60.40,,,,,,,,,,,,,1.02 -0.30 ,,,,,,,
,3.62,63.00,,,,,,,,,,,,,1.02 -0.30 ,,,,,,,
,3.64,64.90,,,,,,,,,,,,,1.02 -0.10 ,,,,,,,
,3.65,66.90,,,,,,,,,,,,,1.02 -0.30 ,,,,,,,
,3.67,69.50,,,,,,,,,,,,,1.02 -0.30 ,,,,,,,
,3.68,71.50,,,,,,,,,,,,,1.02 -0.20 ,,,,,,,
,3.71,74.50,,,,,,,,,,,,,1.02 -0.40 ,,,,,,,
,3.72,76.50,,,,,,,,,,,,,1.02 0.00 ,,,,,,,
,3.74,78.90,,,,,,,,,,,,,1.02 -0.20 ,,,,,,,
,3.75,80.60,,,,,,,,,,,,,1.02 -0.40 ,,,,,,,
,3.75,80.60,,,,,,,,,,,,,1.02 0.00 ,,,,,,,
,3.76,81.20,,,,,,,,,,,,,1.02 -0.40 ,,,,,,,
,3.75 81.40 ,,,,,,,,,,,,,,1.02 -0.10 ,,,,,,,
,1.02 -0.30 ,,,,,,,,,,,,,,1.02 -0.10 ,,,,,,,
,1.02 -0.10 ,,,,,,,,,,,,,,1.02 0.00 ,,,,,,,
,1.02 -0.20 ,,,,,,,,,,,,,,1.02 -0.40 ,,,,,,,
,1.03 0.00 ,,,,,,,,,,,,,,1.03 -0.40 ,,,,,,,
,1.02 -0.30 ,,,,,,,,,,,,,,1.02 0.10 ,,,,,,,
,1.02 0.00 ,,,,,,,,,,,,,,1.02 -0.20 ,,,,,,,
,1.02 -0.10 ,,,,,,,,,,,,,,1.02 -0.20 ,,,,,,,
,1.02 -0.50 ,,,,,,,,,,,,,,1.02 -0.20 ,,,,,,,
,1.02 -0.30 ,,,,,,,,,,,,,,1.02 0.00 ,,,,,,,
,1.02 -0.30 ,,,,,,,,,,,,,,1.02 0.00 ,,,,,,,
,1.02 -0.10 ,,,,,,,,,,,,,,1.02 -0.20 ,,,,,,,
,1.02 -0.40 ,,,,,,,,,,,,,,1.02 0.00 ,,,,,,,
,1.03 0.00 ,,,,,,,,,,,,,,1.02 -0.10 ,,,,,,,
,1.02 -0.10 ,,,,,,,,,,,,,,1.02 -0.30 ,,,,,,,
,1.02 -0.10 ,,,,,,,,,,,,,,1.03 -0.20 ,,,,,,,
,1.02 -0.10 ,,,,,,,,,,,,,,1.02 -0.30 ,,,,,,,
,1.02 -0.10 ,,,,,,,,,,,,,,1.02 -0.10 ,,,,,,,
,1.02 -0.30 ,,,,,,,,,,,,,,1.02 -0.30 ,,,,,,,
,1.02 -0.10 ,,,,,,,,,,,,,,1.02 -0.40 ,,,,,,,
,1.02 -0.10 ,,,,,,,,,,,,,,1.02 0.10 ,,,,,,,
,1.03 -0.20 ,,,,,,,,,,,,,,1.02 -0.20 ,,,,,,,
,1.02 -0.40 ,,,,,,,,,,,,,,1.02 -0.30 ,,,,,,,
,1.02 -0.30 ,,,,,,,,,,,,,,1.02 -0.30 ,,,,,,,
,1.02 -0.20 ,,,,,,,,,,,,,,1.02 0.00 ,,,,,,,
,1.02 -0.10 ,,,,,,,,,,,,,,1.02 -0.30 ,,,,,,,
,1.02 -0.20 ,,,,,,,,,,,,,,1.02 0.00 ,,,,,,,
,1.02 -0.10 ,,,,,,,,,,,,,,1.02 -0.30 ,,,,,,,
,1.02 -0.40 ,,,,,,,,,,,,,,1.02 0.10 ,,,,,,,
,1.02 -0.20 ,,,,,,,,,,,,,,1.02 -0.10 ,,,,,,,
,1.02 -0.10 ,,,,,,,,,,,,,,1.02 -0.10 ,,,,,,,
,1.02 -0.20 ,,,,,,,,,,,,,,1.02 -0.30 ,,,,,,,
,1.02 -0.10 ,,,,,,,,,,,,,,1.02 -0.10 ,,,,,,,
,1.02 -0.30 ,,,,,,,,,,,,,,1.02 0.10 ,,,,,,,
,1.02 0.00 ,,,,,,,,,,,,,,1.02 -0.30 ,,,,,,,
,1.02 -0.10 ,,,,,,,,,,,,,,1.02 -0.10 ,,,,,,,
,1.03 -0.40 ,,,,,,,,,,,,,,1.02 -0.20 ,,,,,,,
,1.02 0.00 ,,,,,,,,,,,,,,1.03 -0.30 ,,,,,,,
,1.03 -0.30 ,,,,,,,,,,,,,,1.02 -0.10 ,,,,,,,
,1.02 -0.10 ,,,,,,,,,,,,,,1.03 -0.10 ,,,,,,,
,1.02 -0.20 ,,,,,,,,,,,,,,1.03 -0.10 ,,,,,,,
,1.02 0.00 ,,,,,,,,,,,,,,1.04 -0.30 ,,,,,,,
,1.02 -0.10 ,,,,,,,,,,,,,,1.05 -0.20 ,,,,,,,
,1.02 -0.20 ,,,,,,,,,,,,,,1.06 -0.20 ,,,,,,,
,1.02 -0.10 ,,,,,,,,,,,,,,1.07 -0.30 ,,,,,,,
,1.02 0.00 ,,,,,,,,,,,,,,1.08 -0.10 ,,,,,,,
,1.02 -0.20 ,,,,,,,,,,,,,,1.11 0.00 ,,,,,,,
,1.02 -0.30 ,,,,,,,,,,,,,,1.12 -0.30 ,,,,,,,
,1.03 0.10 ,,,,,,,,,,,,,,1.14 -0.10 ,,,,,,,
,1.02 -0.10 ,,,,,,,,,,,,,,1.16 -0.10 ,,,,,,,
,1.02 0.00 ,,,,,,,,,,,,,,1.18 -0.40 ,,,,,,,
,1.02 -0.10 ,,,,,,,,,,,,,,1.20 0.00 ,,,,,,,
,1.02 0.00 ,,,,,,,,,,,,,,1.22 -0.10 ,,,,,,,
,1.02 -0.10 ,,,,,,,,,,,,,,1.25 0.00 ,,,,,,,
,1.02 -0.30 ,,,,,,,,,,,,,,1.27 0.10 ,,,,,,,
,1.03 -0.20 ,,,,,,,,,,,,,,1.30 -0.20 ,,,,,,,
,1.02 -0.10 ,,,,,,,,,,,,,,1.32 -0.10 ,,,,,,,
,1.02 -0.20 ,,,,,,,,,,,,,,1.34 -0.10 ,,,,,,,
,1.02 -0.10 ,,,,,,,,,,,,,,1.36 0.00 ,,,,,,,
,1.02 -0.20 ,,,,,,,,,,,,,,1.38 -0.20 ,,,,,,,
,1.02 0.00 ,,,,,,,,,,,,,,1.41 -0.10 ,,,,,,,
,1.02 -0.30 ,,,,,,,,,,,,,,1.43 0.10 ,,,,,,,
,1.03 0.00 ,,,,,,,,,,,,,,1.45 -0.40 ,,,,,,,
,1.03 0.00 ,,,,,,,,,,,,,,1.47 -0.10 ,,,,,,,
,1.03 -0.10 ,,,,,,,,,,,,,,1.50 -0.10 ,,,,,,,
,1.04 0.00 ,,,,,,,,,,,,,,1.52 -0.20 ,,,,,,,
,1.04 -0.10 ,,,,,,,,,,,,,,1.54 0.00 ,,,,,,,
,,,,,,,,,,,,,,,1.57 -0.10 ,,,,,,,
,,,,,,,,,,,,,,,1.59 0.00 ,,,,,,,
,,,,,,,,,,,,,,,1.61 0.10 ,,,,,,,
,,,,,,,,,,,,,,,1.64 -0.30 ,,,,,,,
,,,,,,,,,,,,,,,1.66 0.00 ,,,,,,,
,,,,,,,,,,,,,,,1.68 -0.20 ,,,,,,,
,,,,,,,,,,,,,,,1.71 0.10 ,,,,,,,
,,,,,,,,,,,,,,,1.73 0.10 ,,,,,,,
,,,,,,,,,,,,,,,1.75 -0.30 ,,,,,,,
,,,,,,,,,,,,,,,1.78 -0.30 ,,,,,,,
,,,,,,,,,,,,,,,1.80 0.00 ,,,,,,,
,,,,,,,,,,,,,,,1.83 -0.10 ,,,,,,,
,,,,,,,,,,,,,,,1.85 -0.30 ,,,,,,,
,,,,,,,,,,,,,,,1.88 -0.20 ,,,,,,,
,,,,,,,,,,,,,,,1.90 -0.30 ,,,,,,,
,,,,,,,,,,,,,,,1.92 -0.30 ,,,,,,,
,,,,,,,,,,,,,,,1.94 -0.10 ,,,,,,,
,,,,,,,,,,,,,,,1.97 -0.40 ,,,,,,,
,,,,,,,,,,,,,,,2.00 -0.40 ,,,,,,,
,,,,,,,,,,,,,,,2.02 -0.30 ,,,,,,,
,,,,,,,,,,,,,,,2.04 -0.30 ,,,,,,,
,,,,,,,,,,,,,,,2.06 0.00 ,,,,,,,
,,,,,,,,,,,,,,,2.08 0.00 ,,,,,,,
,,,,,,,,,,,,,,,2.11 -0.10 ,,,,,,,
,,,,,,,,,,,,,,,2.13 0.10 ,,,,,,,
,,,,,,,,,,,,,,,2.16 0.10 ,,,,,,,
,,,,,,,,,,,,,,,2.18 -0.40 ,,,,,,,
,,,,,,,,,,,,,,,2.20 -0.30 ,,,,,,,
,,,,,,,,,,,,,,,2.22 -0.30 ,,,,,,,
,,,,,,,,,,,,,,,2.24 0.20 ,,,,,,,
,,,,,,,,,,,,,,,2.27 -0.10 ,,,,,,,
,,,,,,,,,,,,,,,2.30 -0.10 ,,,,,,,
,,,,,,,,,,,,,,,2.32 -0.30 ,,,,,,,
,,,,,,,,,,,,,,,2.34 -0.30 ,,,,,,,
,,,,,,,,,,,,,,,2.36 -0.10 ,,,,,,,
,,,,,,,,,,,,,,,2.39 -0.30 ,,,,,,,
,,,,,,,,,,,,,,,2.41 0.10 ,,,,,,,
,,,,,,,,,,,,,,,2.44 0.00 ,,,,,,,
,,,,,,,,,,,,,,,2.46 0.00 ,,,,,,,
,,,,,,,,,,,,,,,2.49 -0.30 ,,,,,,,
,,,,,,,,,,,,,,,2.51 -0.30 ,,,,,,,
,,,,,,,,,,,,,,,2.53 -0.10 ,,,,,,,
,,,,,,,,,,,,,,,2.55 0.00 ,,,,,,,
,,,,,,,,,,,,,,,2.58 0.00 ,,,,,,,
,,,,,,,,,,,,,,,2.60 -0.30 ,,,,,,,
,,,,,,,,,,,,,,,2.62 -0.10 ,,,,,,,
,,,,,,,,,,,,,,,2.64 -0.30 ,,,,,,,
,,,,,,,,,,,,,,,2.66 0.00 ,,,,,,,
,,,,,,,,,,,,,,,2.69 -0.20 ,,,,,,,
,,,,,,,,,,,,,,,2.71 -0.10 ,,,,,,,
,,,,,,,,,,,,,,,2.73 -0.20 ,,,,,,,
,,,,,,,,,,,,,,,2.75 -0.10 ,,,,,,,
,,,,,,,,,,,,,,,2.77 -0.10 ,,,,,,,
,,,,,,,,,,,,,,,2.79 -0.20 ,,,,,,,
,,,,,,,,,,,,,,,2.80 -0.30 ,,,,,,,
,,,,,,,,,,,,,,,2.82 0.00 ,,,,,,,
,,,,,,,,,,,,,,,2.84 -0.20 ,,,,,,,
,,,,,,,,,,,,,,,2.86 0.10 ,,,,,,,
,,,,,,,,,,,,,,,2.87 0.00 ,,,,,,,
,,,,,,,,,,,,,,,2.88 0.00 ,,,,,,,
,,,,,,,,,,,,,,,2.90 0.20 ,,,,,,,
,,,,,,,,,,,,,,,2.91 0.40 ,,,,,,,
,,,,,,,,,,,,,,,2.93 0.40 ,,,,,,,
,,,,,,,,,,,,,,,2.94 0.70 ,,,,,,,
,,,,,,,,,,,,,,,2.96 1.40 ,,,,,,,
,,,,,,,,,,,,,,,2.98 1.40 ,,,,,,,
,,,,,,,,,,,,,,,2.99 2.20 ,,,,,,,
,,,,,,,,,,,,,,,3.01 2.80 ,,,,,,,
,,,,,,,,,,,,,,,3.02 3.20 ,,,,,,,
,,,,,,,,,,,,,,,3.05 4.20 ,,,,,,,
,,,,,,,,,,,,,,,3.06 4.80 ,,,,,,,
,,,,,,,,,,,,,,,3.08 5.80 ,,,,,,,
,,,,,,,,,,,,,,,3.09 6.70 ,,,,,,,
,,,,,,,,,,,,,,,3.11 7.80 ,,,,,,,
,,,,,,,,,,,,,,,3.12 9.20 ,,,,,,,
,,,,,,,,,,,,,,,3.15 10.50 ,,,,,,,
,,,,,,,,,,,,,,,3.16 12.00 ,,,,,,,
,,,,,,,,,,,,,,,3.18 13.10 ,,,,,,,
,,,,,,,,,,,,,,,3.20 14.60 ,,,,,,,
,,,,,,,,,,,,,,,3.21 16.00 ,,,,,,,
,,,,,,,,,,,,,,,3.23 17.80 ,,,,,,,
,,,,,,,,,,,,,,,3.25 19.00 ,,,,,,,
,,,,,,,,,,,,,,,3.26 21.20 ,,,,,,,
,,,,,,,,,,,,,,,3.28 22.80 ,,,,,,,
,,,,,,,,,,,,,,,3.30 24.30 ,,,,,,,
,,,,,,,,,,,,,,,3.32 26.20 ,,,,,,,
,,,,,,,,,,,,,,,3.33 28.00 ,,,,,,,
,,,,,,,,,,,,,,,3.35 29.80 ,,,,,,,
,,,,,,,,,,,,,,,3.37 31.90 ,,,,,,,
,,,,,,,,,,,,,,,3.38 33.90 ,,,,,,,
,,,,,,,,,,,,,,,3.40 35.80 ,,,,,,,
,,,,,,,,,,,,,,,3.42 37.70 ,,,,,,,
,,,,,,,,,,,,,,,3.44 39.80 ,,,,,,,
,,,,,,,,,,,,,,,3.45 41.50 ,,,,,,,
,,,,,,,,,,,,,,,3.48 43.60 ,,,,,,,
,,,,,,,,,,,,,,,3.49 45.60 ,,,,,,,
,,,,,,,,,,,,,,,3.51 48.10 ,,,,,,,
,,,,,,,,,,,,,,,3.52 50.00 ,,,,,,,
,,,,,,,,,,,,,,,3.54 51.90 ,,,,,,,
,,,,,,,,,,,,,,,3.56 54.20 ,,,,,,,
,,,,,,,,,,,,,,,3.57 55.80 ,,,,,,,
,,,,,,,,,,,,,,,3.59 58.80 ,,,,,,,
,,,,,,,,,,,,,,,3.61 60.40 ,,,,,,,
,,,,,,,,,,,,,,,3.62 63.00 ,,,,,,,
,,,,,,,,,,,,,,,3.64 64.90 ,,,,,,,
,,,,,,,,,,,,,,,3.65 66.90 ,,,,,,,
,,,,,,,,,,,,,,,3.67 69.50 ,,,,,,,
,,,,,,,,,,,,,,,3.68 71.50 ,,,,,,,
,,,,,,,,,,,,,,,3.71 74.50 ,,,,,,,
,,,,,,,,,,,,,,,3.72 76.50 ,,,,,,,
,,,,,,,,,,,,,,,3.74 78.90 ,,,,,,,
,,,,,,,,,,,,,,,3.75 80.60 ,,,,,,,
,,,,,,,,,,,,,,,3.75 80.60 ,,,,,,,
,,,,,,,,,,,,,,,3.76 81.20 ,,,,,,,